time_th,open,high,low,close,tick_volume
2023-10-12T07:00:00+0700,1.0617,1.06393,1.0525,1.05254,47050
2023-10-13T07:00:00+0700,1.05252,1.0558,1.04951,1.05039,46928
2023-10-16T07:00:00+0700,1.05056,1.05622,1.05027,1.05575,38959
2023-10-17T07:00:00+0700,1.05571,1.05944,1.05324,1.05742,43989
2023-10-18T07:00:00+0700,1.05742,1.05937,1.05227,1.05336,46626
2023-10-19T07:00:00+0700,1.05336,1.06163,1.05277,1.05795,53628
2023-10-20T07:00:00+0700,1.0576699999999999,1.06032,1.05647,1.0591,42733
2023-10-23T07:00:00+0700,1.05893,1.06774,1.0571,1.0667,41250
2023-10-24T07:00:00+0700,1.0667,1.06935,1.05826,1.0587,43063
2023-10-25T07:00:00+0700,1.0587,1.06062,1.05631,1.05639,40367
2023-10-26T07:00:00+0700,1.05638,1.05687,1.05221,1.05599,46723
2023-10-27T07:00:00+0700,1.05596,1.05966,1.05349,1.05614,40886
2023-10-30T07:00:00+0700,1.05602,1.06246,1.05467,1.06123,37618
2023-10-31T07:00:00+0700,1.06125,1.06744,1.05571,1.05727,46125
2023-11-01T07:00:00+0700,1.05726,1.05801,1.05167,1.05678,47626
2023-11-02T07:00:00+0700,1.05669,1.06671,1.05602,1.0619,43582
2023-11-03T07:00:00+0700,1.06185,1.07463,1.06118,1.07282,43142
2023-11-06T07:00:00+0700,1.07207,1.07558,1.07138,1.07147,33705
2023-11-07T07:00:00+0700,1.07134,1.07225,1.06637,1.06971,38867
2023-11-08T07:00:00+0700,1.06953,1.07156,1.06588,1.07063,38157
2023-11-09T07:00:00+0700,1.07035,1.0725,1.06597,1.0667200000000001,42677
2023-11-10T07:00:00+0700,1.06661,1.06923,1.06557,1.06814,37385
2023-11-13T07:00:00+0700,1.06802,1.07057,1.06646,1.06958,32960
2023-11-14T07:00:00+0700,1.06945,1.0887,1.06897,1.08761,41100
2023-11-15T07:00:00+0700,1.08749,1.08854,1.08312,1.08443,41392
2023-11-16T07:00:00+0700,1.08442,1.08952,1.08297,1.08494,39707
2023-11-17T07:00:00+0700,1.08489,1.09132,1.08244,1.09102,39882
2023-11-20T07:00:00+0700,1.09073,1.09515,1.08971,1.09375,39575
2023-11-21T07:00:00+0700,1.09376,1.09647,1.08997,1.09082,42715
2023-11-22T07:00:00+0700,1.09056,1.09223,1.0852,1.08857,41871
2023-11-23T07:00:00+0700,1.08849,1.09302,1.0882,1.08998,25328
2023-11-24T07:00:00+0700,1.08995,1.09481,1.08946,1.09306,31074
2023-11-27T07:00:00+0700,1.09418,1.09587,1.09247,1.0951,38059
2023-11-28T07:00:00+0700,1.09507,1.10084,1.0934,1.09901,44408
2023-11-29T07:00:00+0700,1.099,1.10168,1.0959699999999999,1.09666,48603
2023-11-30T07:00:00+0700,1.09665,1.09835,1.08789,1.0883099999999999,50539
2023-12-01T07:00:00+0700,1.0882,1.09123,1.08284,1.08765,50639
2023-12-04T07:00:00+0700,1.08743,1.08944,1.08036,1.08333,50944
2023-12-05T07:00:00+0700,1.08333,1.08469,1.0777700000000001,1.07937,49384
2023-12-06T07:00:00+0700,1.07928,1.08041,1.07583,1.07615,43093
2023-12-07T07:00:00+0700,1.07603,1.08171,1.07548,1.0790899999999999,51151
2023-12-08T07:00:00+0700,1.07906,1.08001,1.07235,1.07582,53601
2023-12-11T07:00:00+0700,1.0756000000000001,1.07785,1.07412,1.0762,39487
2023-12-12T07:00:00+0700,1.07589,1.08274,1.07526,1.07916,43909
2023-12-13T07:00:00+0700,1.07902,1.0896,1.07727,1.08714,48822
2023-12-14T07:00:00+0700,1.08676,1.10088,1.08676,1.09899,65379
2023-12-15T07:00:00+0700,1.09897,1.10032,1.08885,1.0890900000000001,55016
2023-12-18T07:00:00+0700,1.08947,1.09306,1.08916,1.09208,41507
2023-12-19T07:00:00+0700,1.09113,1.0987,1.0909200000000001,1.09778,45267
2023-12-20T07:00:00+0700,1.09778,1.09829,1.09293,1.09361,43003
2023-12-21T07:00:00+0700,1.09346,1.10119,1.0933,1.10082,47984
2023-12-22T07:00:00+0700,1.10082,1.10396,1.09887,1.10071,42332
2023-12-26T07:00:00+0700,1.10003,1.10446,1.10003,1.10396,20880
2023-12-27T07:00:00+0700,1.10396,1.11222,1.10281,1.1102400000000001,33852
2023-12-28T07:00:00+0700,1.10998,1.11389,1.10548,1.10585,38465
2023-12-29T07:00:00+0700,1.10581,1.10838,1.10325,1.1033,39151
2024-01-02T07:00:00+0700,1.10412,1.10438,1.09379,1.09388,45176
2024-01-03T07:00:00+0700,1.09415,1.0965,1.08926,1.09187,49837
2024-01-04T07:00:00+0700,1.09181,1.09718,1.09049,1.09419,43557
2024-01-05T07:00:00+0700,1.09387,1.09979,1.08765,1.09385,52100
2024-01-08T07:00:00+0700,1.09325,1.09783,1.09222,1.09475,41115
2024-01-09T07:00:00+0700,1.09475,1.0966,1.09101,1.09284,43027
2024-01-10T07:00:00+0700,1.09284,1.09724,1.09225,1.09698,38833
2024-01-11T07:00:00+0700,1.09652,1.09991,1.09299,1.09695,53790
2024-01-12T07:00:00+0700,1.09695,1.09865,1.09356,1.09463,46404
2024-01-15T07:00:00+0700,1.09443,1.0967,1.09331,1.09458,28560
2024-01-16T07:00:00+0700,1.09456,1.09504,1.08617,1.08724,51952
2024-01-17T07:00:00+0700,1.08716,1.0884,1.08441,1.088,47854
2024-01-18T07:00:00+0700,1.08788,1.09063,1.08463,1.08732,46536
2024-01-19T07:00:00+0700,1.08717,1.08973,1.08611,1.08947,40384
2024-01-22T07:00:00+0700,1.08873,1.09091,1.08793,1.08796,36769
2024-01-23T07:00:00+0700,1.08791,1.09156,1.08212,1.08517,39266
2024-01-24T07:00:00+0700,1.084,1.0931899999999999,1.084,1.08818,46114
2024-01-25T07:00:00+0700,1.08818,1.09013,1.08216,1.08433,46434
2024-01-26T07:00:00+0700,1.08434,1.08852,1.08125,1.08484,40773
2024-01-29T07:00:00+0700,1.084,1.08497,1.07956,1.083,35054
2024-01-30T07:00:00+0700,1.08289,1.08569,1.08115,1.08429,39991
2024-01-31T07:00:00+0700,1.08366,1.0887,1.07944,1.08154,60559
2024-02-01T07:00:00+0700,1.08087,1.08743,1.07795,1.08688,54986
2024-02-02T07:00:00+0700,1.0869,1.0897000000000001,1.078,1.07834,45718
2024-02-05T07:00:00+0700,1.07825,1.07856,1.07228,1.07399,43656
2024-02-06T07:00:00+0700,1.07378,1.07619,1.07222,1.07519,43249
2024-02-07T07:00:00+0700,1.07516,1.07836,1.07469,1.07691,40384
2024-02-08T07:00:00+0700,1.0768,1.07883,1.07412,1.07748,38381
2024-02-09T07:00:00+0700,1.07748,1.07943,1.07618,1.07821,38878
2024-02-12T07:00:00+0700,1.07723,1.08051,1.07554,1.07691,30336
2024-02-13T07:00:00+0700,1.07683,1.07942,1.07002,1.07062,41710
2024-02-14T07:00:00+0700,1.0706,1.0734,1.06945,1.0723799999999999,39168
2024-02-15T07:00:00+0700,1.07231,1.07843,1.07207,1.07695,38763
2024-02-16T07:00:00+0700,1.07635,1.0787,1.0731600000000001,1.07738,39815
2024-02-19T07:00:00+0700,1.07689,1.07889,1.07616,1.07763,24171
2024-02-20T07:00:00+0700,1.0776,1.08384,1.07611,1.08049,41012
2024-02-21T07:00:00+0700,1.08027,1.08238,1.07895,1.0816,39715
2024-02-22T07:00:00+0700,1.08158,1.08878,1.08023,1.082,41531
2024-02-23T07:00:00+0700,1.08199,1.0839,1.08113,1.08169,35421
2024-02-26T07:00:00+0700,1.08284,1.08592,1.08122,1.0848200000000001,31481
2024-02-27T07:00:00+0700,1.08479,1.08654,1.0832600000000001,1.08414,31000
2024-02-28T07:00:00+0700,1.084,1.08454,1.07962,1.08353,35509
2024-02-29T07:00:00+0700,1.08317,1.08554,1.07954,1.08025,45211
2024-03-01T07:00:00+0700,1.07958,1.08427,1.07945,1.08365,38780
2024-03-04T07:00:00+0700,1.0839,1.08663,1.08324,1.0853,31630
2024-03-05T07:00:00+0700,1.08529,1.08756,1.08398,1.08538,33309
2024-03-06T07:00:00+0700,1.08538,1.09149,1.08417,1.08959,35706
2024-03-07T07:00:00+0700,1.08959,1.09487,1.08674,1.09453,37162
2024-03-08T07:00:00+0700,1.09451,1.09807,1.09188,1.09349,42050
2024-03-11T07:00:00+0700,1.09413,1.09476,1.09142,1.0924800000000001,30354
2024-03-12T07:00:00+0700,1.0924800000000001,1.09434,1.09018,1.09257,36887
2024-03-13T07:00:00+0700,1.09217,1.09633,1.0919699999999999,1.09468,32322
2024-03-14T07:00:00+0700,1.09468,1.09542,1.08802,1.08822,37026
2024-03-15T07:00:00+0700,1.08822,1.08991,1.08725,1.08878,32912
2024-03-18T07:00:00+0700,1.08896,1.09056,1.08656,1.08695,25633
2024-03-19T07:00:00+0700,1.08695,1.08761,1.08343,1.08627,34788
2024-03-20T07:00:00+0700,1.0861,1.09223,1.08359,1.09191,34854
2024-03-21T07:00:00+0700,1.09166,1.0942,1.0855,1.08571,39578
2024-03-22T07:00:00+0700,1.08568,1.08677,1.08013,1.08051,32750
2024-03-25T07:00:00+0700,1.08047,1.0842,1.08017,1.08346,27280
2024-03-26T07:00:00+0700,1.08346,1.08639,1.08238,1.08284,30642
2024-03-27T07:00:00+0700,1.08285,1.08385,1.08103,1.0825,30228
2024-03-28T07:00:00+0700,1.0825,1.08262,1.07746,1.07857,34050
2024-03-29T07:00:00+0700,1.07837,1.08045,1.07675,1.07898,25614
2024-04-01T07:00:00+0700,1.07825,1.07984,1.07304,1.07404,29401
2024-04-02T07:00:00+0700,1.07403,1.07785,1.07242,1.0766499999999999,32810
2024-04-03T07:00:00+0700,1.07667,1.08364,1.07635,1.08332,33783
2024-04-04T07:00:00+0700,1.08332,1.08761,1.08304,1.08341,29564
2024-04-05T07:00:00+0700,1.08312,1.08474,1.0791,1.08336,37644
2024-04-08T07:00:00+0700,1.0833,1.08616,1.08205,1.08565,30196
2024-04-09T07:00:00+0700,1.08512,1.08846,1.08472,1.0854300000000001,28975
2024-04-10T07:00:00+0700,1.08538,1.0866,1.07283,1.07396,41973
2024-04-11T07:00:00+0700,1.07393,1.07561,1.06988,1.0723,43432
2024-04-12T07:00:00+0700,1.0723,1.07289,1.06221,1.06375,39575
2024-04-15T07:00:00+0700,1.063,1.06647,1.06198,1.06216,43940
2024-04-16T07:00:00+0700,1.06212,1.06532,1.06007,1.06159,50876
2024-04-17T07:00:00+0700,1.06121,1.06791,1.06058,1.067,45293
2024-04-18T07:00:00+0700,1.06692,1.06895,1.06389,1.06405,38263
2024-04-19T07:00:00+0700,1.06415,1.0677,1.06101,1.06519,55219
2024-04-22T07:00:00+0700,1.06474,1.06702,1.06235,1.0653,34354
2024-04-23T07:00:00+0700,1.06535,1.07109,1.06381,1.06999,38761
2024-04-24T07:00:00+0700,1.07004,1.07138,1.06775,1.06973,34267
2024-04-25T07:00:00+0700,1.06934,1.07396,1.06778,1.07283,38835
2024-04-26T07:00:00+0700,1.07254,1.07524,1.06736,1.06918,38848
2024-04-29T07:00:00+0700,1.06873,1.07332,1.06852,1.07191,41432
2024-04-30T07:00:00+0700,1.0719400000000001,1.07349,1.06637,1.06646,40439
2024-05-01T07:00:00+0700,1.06641,1.07323,1.0648900000000001,1.0708,40805
2024-05-02T07:00:00+0700,1.07089,1.07297,1.06738,1.07237,43888
2024-05-03T07:00:00+0700,1.07219,1.08115,1.07191,1.07596,44102
2024-05-06T07:00:00+0700,1.07582,1.07903,1.07548,1.07673,26822
2024-05-07T07:00:00+0700,1.07673,1.0787,1.07475,1.07531,30058
2024-05-08T07:00:00+0700,1.07531,1.07571,1.07345,1.07467,26511
2024-05-09T07:00:00+0700,1.07437,1.0784,1.07235,1.07807,28862
2024-05-10T07:00:00+0700,1.07789,1.07895,1.07598,1.07681,28477
2024-05-13T07:00:00+0700,1.07672,1.08064,1.07653,1.07883,28007
2024-05-14T07:00:00+0700,1.07863,1.08252,1.07667,1.08175,28343
2024-05-15T07:00:00+0700,1.08171,1.08856,1.0812599999999999,1.08828,34816
2024-05-16T07:00:00+0700,1.08828,1.08945,1.0854,1.08654,31056
2024-05-17T07:00:00+0700,1.08656,1.08781,1.08352,1.08663,26062
2024-05-20T07:00:00+0700,1.08649,1.0884,1.0854,1.0855299999999999,25753
2024-05-21T07:00:00+0700,1.08555,1.08743,1.08422,1.08523,29225
2024-05-22T07:00:00+0700,1.08527,1.08631,1.0817,1.08213,31887
2024-05-23T07:00:00+0700,1.08213,1.08606,1.08044,1.08136,37389
2024-05-24T07:00:00+0700,1.08102,1.08573,1.08051,1.08455,28333
2024-05-27T07:00:00+0700,1.08429,1.0867,1.08402,1.08572,18533
2024-05-28T07:00:00+0700,1.08557,1.08885,1.08498,1.0855299999999999,32610
2024-05-29T07:00:00+0700,1.08552,1.08592,1.07992,1.07994,35288
2024-05-30T07:00:00+0700,1.07992,1.08446,1.07878,1.08303,34485
2024-05-31T07:00:00+0700,1.08269,1.08819,1.08108,1.08449,38272
2024-06-03T07:00:00+0700,1.08437,1.09033,1.08274,1.0903,37608
2024-06-04T07:00:00+0700,1.09005,1.09155,1.08585,1.08777,41111
2024-06-05T07:00:00+0700,1.08776,1.08915,1.0854,1.0867,33117
2024-06-06T07:00:00+0700,1.0867,1.0901399999999999,1.08615,1.08866,32657
2024-06-07T07:00:00+0700,1.08864,1.09013,1.07992,1.08001,39264
2024-06-10T07:00:00+0700,1.07713,1.07811,1.07324,1.07637,34595
2024-06-11T07:00:00+0700,1.07637,1.0773,1.0719,1.07389,34639
2024-06-12T07:00:00+0700,1.07329,1.08518,1.07329,1.08073,44598
2024-06-13T07:00:00+0700,1.08075,1.0816,1.07324,1.07355,39498
2024-06-14T07:00:00+0700,1.07348,1.07444,1.06671,1.07013,45784
2024-06-17T07:00:00+0700,1.07022,1.07374,1.06859,1.07328,37331
2024-06-18T07:00:00+0700,1.07327,1.0761,1.07096,1.07384,36433
2024-06-19T07:00:00+0700,1.07379,1.0753,1.07244,1.07409,23397
2024-06-20T07:00:00+0700,1.07384,1.07483,1.07003,1.07004,33879
2024-06-21T07:00:00+0700,1.07005,1.07201,1.06706,1.06911,36588
2024-06-24T07:00:00+0700,1.06799,1.07459,1.06799,1.07306,33213
2024-06-25T07:00:00+0700,1.0729899999999999,1.07437,1.06903,1.07127,31264
2024-06-26T07:00:00+0700,1.07116,1.07175,1.06656,1.06791,35681
2024-06-27T07:00:00+0700,1.06791,1.0726,1.06766,1.07024,35603
2024-06-28T07:00:00+0700,1.07024,1.07243,1.0685,1.07104,40497
2024-07-01T07:00:00+0700,1.07426,1.07759,1.0719400000000001,1.07389,39014
2024-07-02T07:00:00+0700,1.07389,1.07467,1.07095,1.07439,34676
2024-07-03T07:00:00+0700,1.07437,1.08163,1.07358,1.07837,31157
2024-07-04T07:00:00+0700,1.07837,1.08134,1.07809,1.08093,21263
2024-07-05T07:00:00+0700,1.08093,1.08421,1.07985,1.08349,34574
2024-07-08T07:00:00+0700,1.07999,1.08446,1.07999,1.08225,33623
2024-07-09T07:00:00+0700,1.08227,1.08329,1.0805,1.08123,32239
2024-07-10T07:00:00+0700,1.08116,1.08293,1.08105,1.08288,28357
2024-07-11T07:00:00+0700,1.08288,1.08995,1.0825,1.08667,40801
2024-07-12T07:00:00+0700,1.08643,1.09109,1.08613,1.09049,39032
2024-07-15T07:00:00+0700,1.08832,1.09219,1.08812,1.08928,36529
2024-07-16T07:00:00+0700,1.08928,1.0905,1.08711,1.08979,32541
2024-07-17T07:00:00+0700,1.08975,1.09476,1.08947,1.0937999999999999,38127
2024-07-18T07:00:00+0700,1.09374,1.09406,1.08931,1.08952,37489
2024-07-19T07:00:00+0700,1.0895,1.09013,1.08753,1.08794,31975
2024-07-22T07:00:00+0700,1.08835,1.09022,1.0872600000000001,1.08893,31044
2024-07-23T07:00:00+0700,1.08894,1.08962,1.08434,1.08525,30575
2024-07-24T07:00:00+0700,1.08525,1.0866,1.08252,1.08383,35285
2024-07-25T07:00:00+0700,1.08384,1.08696,1.08279,1.08443,45047
2024-07-26T07:00:00+0700,1.08441,1.08677,1.08416,1.08536,32707
2024-07-29T07:00:00+0700,1.08528,1.08694,1.08024,1.08199,30481
2024-07-30T07:00:00+0700,1.08155,1.08353,1.07978,1.08139,32703
2024-07-31T07:00:00+0700,1.08136,1.0849,1.08014,1.08242,49150
2024-08-01T07:00:00+0700,1.08241,1.08349,1.07771,1.07901,46127
2024-08-02T07:00:00+0700,1.07901,1.09262,1.07813,1.09085,55014
2024-08-05T07:00:00+0700,1.09222,1.10082,1.08923,1.09505,88438
2024-08-06T07:00:00+0700,1.09505,1.09626,1.09032,1.09289,63318
2024-08-07T07:00:00+0700,1.09253,1.09361,1.0905,1.09206,48997
2024-08-08T07:00:00+0700,1.09205,1.09446,1.08812,1.09174,44665
2024-08-09T07:00:00+0700,1.09173,1.0930900000000001,1.09086,1.09111,31962
2024-08-12T07:00:00+0700,1.09132,1.09389,1.09096,1.09301,27283
2024-08-13T07:00:00+0700,1.093,1.09991,1.09134,1.09916,31676
2024-08-14T07:00:00+0700,1.09916,1.10469,1.09823,1.10109,33644
2024-08-15T07:00:00+0700,1.10099,1.10154,1.09491,1.09706,29383
2024-08-16T07:00:00+0700,1.09712,1.1029,1.09671,1.10176,25740
2024-08-19T07:00:00+0700,1.10264,1.10859,1.1022,1.10837,30525
2024-08-20T07:00:00+0700,1.10835,1.11294,1.10715,1.11281,34928
2024-08-21T07:00:00+0700,1.11282,1.11735,1.10986,1.11481,38289
2024-08-22T07:00:00+0700,1.1148,1.11635,1.10976,1.11106,35247
2024-08-23T07:00:00+0700,1.11106,1.12003,1.11031,1.11876,38041
2024-08-26T07:00:00+0700,1.11839,1.12012,1.11496,1.11596,34681
2024-08-27T07:00:00+0700,1.11574,1.11901,1.115,1.11824,31877
2024-08-28T07:00:00+0700,1.11824,1.11845,1.11045,1.11182,35004
2024-08-29T07:00:00+0700,1.11182,1.11395,1.10551,1.1076,39151
2024-08-30T07:00:00+0700,1.10759,1.10946,1.10431,1.10436,37828
2024-09-02T07:00:00+0700,1.10445,1.1077,1.10415,1.10699,22039
2024-09-03T07:00:00+0700,1.10699,1.10724,1.10259,1.10419,37789
2024-09-04T07:00:00+0700,1.10419,1.10947,1.10346,1.10807,35928
2024-09-05T07:00:00+0700,1.10807,1.11191,1.10742,1.1109,37435
2024-09-06T07:00:00+0700,1.11071,1.11549,1.10652,1.10818,46451
2024-09-09T07:00:00+0700,1.10757,1.10906,1.10325,1.1033,32386
2024-09-10T07:00:00+0700,1.10331,1.10492,1.10147,1.10181,28765
2024-09-11T07:00:00+0700,1.10181,1.10544,1.10016,1.10105,40874
2024-09-12T07:00:00+0700,1.10104,1.10746,1.1005,1.1072899999999999,36593
2024-09-13T07:00:00+0700,1.1072899999999999,1.11013,1.10671,1.10697,36468
2024-09-16T07:00:00+0700,1.10742,1.11371,1.10735,1.11311,31986
2024-09-17T07:00:00+0700,1.1131199999999999,1.11457,1.11104,1.11121,37334
2024-09-18T07:00:00+0700,1.11122,1.11885,1.10962,1.11173,42735
2024-09-19T07:00:00+0700,1.11164,1.11784,1.10681,1.116,52991
2024-09-20T07:00:00+0700,1.11599,1.11815,1.11356,1.1162,44143
2024-09-23T07:00:00+0700,1.11569,1.1166800000000001,1.10827,1.11098,39572
2024-09-24T07:00:00+0700,1.11103,1.1179999999999999,1.1103,1.11781,38848
2024-09-25T07:00:00+0700,1.11776,1.12134,1.11211,1.11315,39226
2024-09-26T07:00:00+0700,1.11316,1.11888,1.11253,1.11754,44944
2024-09-27T07:00:00+0700,1.11749,1.12024,1.11245,1.11606,50437
2024-09-30T07:00:00+0700,1.11539,1.12084,1.11132,1.11333,45557
2024-10-01T07:00:00+0700,1.11333,1.11436,1.10453,1.10663,48948
2024-10-02T07:00:00+0700,1.10651,1.10824,1.10322,1.10432,39413
2024-10-03T07:00:00+0700,1.1042399999999999,1.1049,1.10078,1.10292,44041
2024-10-04T07:00:00+0700,1.10292,1.10391,1.09508,1.09646,42937
2024-10-07T07:00:00+0700,1.0959,1.09864,1.09538,1.09697,42049
2024-10-08T07:00:00+0700,1.09703,1.09967,1.09605,1.09731,39753
2024-10-09T07:00:00+0700,1.09734,1.09806,1.09357,1.09375,35929
2024-10-10T07:00:00+0700,1.09375,1.09544,1.08998,1.0924,42390
2024-10-11T07:00:00+0700,1.0924,1.09533,1.09229,1.09299,29455
2024-10-14T07:00:00+0700,1.09312,1.09362,1.08877,1.09074,27728
2024-10-15T07:00:00+0700,1.09074,1.09162,1.08815,1.08872,33221
2024-10-16T07:00:00+0700,1.08866,1.09009,1.08528,1.08605,31823
2024-10-17T07:00:00+0700,1.08599,1.08731,1.08106,1.08299,35917
2024-10-18T07:00:00+0700,1.08299,1.08691,1.08237,1.08652,28445
2024-10-21T07:00:00+0700,1.08601,1.0871,1.08107,1.08138,27347
2024-10-22T07:00:00+0700,1.08139,1.08376,1.07921,1.0796999999999999,30203
2024-10-23T07:00:00+0700,1.07973,1.08062,1.07608,1.07804,32886
2024-10-24T07:00:00+0700,1.07801,1.08294,1.07701,1.08264,35202
2024-10-25T07:00:00+0700,1.08262,1.08389,1.07925,1.07937,30043
2024-10-28T07:00:00+0700,1.07961,1.08271,1.07816,1.08107,32805
2024-10-29T07:00:00+0700,1.08107,1.08259,1.07684,1.08169,38625
2024-10-30T07:00:00+0700,1.08169,1.08709,1.08078,1.08542,40786
2024-10-31T07:00:00+0700,1.08545,1.08877,1.08435,1.08822,44040
2024-11-01T07:00:00+0700,1.08822,1.09053,1.08314,1.08325,39583
2024-11-04T07:00:00+0700,1.0876,1.09143,1.08693,1.08756,41038
2024-11-05T07:00:00+0700,1.08756,1.09361,1.08715,1.09268,31028
2024-11-06T07:00:00+0700,1.09266,1.09366,1.0682,1.07244,96654
2024-11-07T07:00:00+0700,1.07244,1.08243,1.07123,1.08033,59068
2024-11-08T07:00:00+0700,1.08042,1.08047,1.06864,1.07144,51361
2024-11-11T07:00:00+0700,1.07035,1.07274,1.06282,1.06507,38453
2024-11-12T07:00:00+0700,1.06491,1.06626,1.05946,1.06194,46182
2024-11-13T07:00:00+0700,1.06201,1.06535,1.05553,1.0562,50781
2024-11-14T07:00:00+0700,1.05614,1.0582,1.0496,1.05288,54020
2024-11-15T07:00:00+0700,1.05289,1.05926,1.05159,1.05396,51780
2024-11-18T07:00:00+0700,1.05288,1.06067,1.05287,1.05969,42819
2024-11-19T07:00:00+0700,1.05969,1.06005,1.05235,1.05929,50215
2024-11-20T07:00:00+0700,1.05928,1.06093,1.05063,1.05422,41168
2024-11-21T07:00:00+0700,1.05422,1.05544,1.04617,1.0473,47528
2024-11-22T07:00:00+0700,1.04729,1.04974,1.03333,1.04141,54028
2024-11-25T07:00:00+0700,1.04795,1.05297,1.04486,1.0492,55672
2024-11-26T07:00:00+0700,1.0492,1.05443,1.04245,1.04808,61593
2024-11-27T07:00:00+0700,1.04808,1.05872,1.04739,1.05643,55150
2024-11-28T07:00:00+0700,1.05643,1.05691,1.05271,1.05464,35565
2024-11-29T07:00:00+0700,1.05464,1.05968,1.0541,1.0574,55088
2024-12-02T07:00:00+0700,1.05652,1.05691,1.04601,1.04962,60942
2024-12-03T07:00:00+0700,1.04962,1.05346,1.04803,1.05049,51445
2024-12-04T07:00:00+0700,1.0505,1.05437,1.04719,1.05074,55624
2024-12-05T07:00:00+0700,1.0508,1.05891,1.05046,1.05827,45547
2024-12-06T07:00:00+0700,1.05827,1.06292,1.05418,1.05668,46145
2024-12-09T07:00:00+0700,1.05591,1.0594,1.05316,1.05521,41272
2024-12-10T07:00:00+0700,1.05521,1.05676,1.0498,1.0526200000000001,41004
2024-12-11T07:00:00+0700,1.0526200000000001,1.05389,1.04798,1.04922,48783
2024-12-12T07:00:00+0700,1.04922,1.05304,1.04633,1.04648,51277
2024-12-13T07:00:00+0700,1.04648,1.05237,1.04527,1.04962,42763
2024-12-16T07:00:00+0700,1.04834,1.05243,1.04742,1.05092,39647
2024-12-17T07:00:00+0700,1.05092,1.05339,1.04787,1.04898,41337
2024-12-18T07:00:00+0700,1.04898,1.0512299999999999,1.03437,1.03509,49069
2024-12-19T07:00:00+0700,1.03509,1.04219,1.03465,1.03609,60353
2024-12-20T07:00:00+0700,1.03578,1.0447,1.03426,1.04281,51143
2024-12-23T07:00:00+0700,1.0429599999999999,1.04449,1.03837,1.04039,35865
2024-12-24T07:00:00+0700,1.04039,1.04096,1.03831,1.03895,26436
2024-12-26T07:00:00+0700,1.03947,1.04294,1.039,1.04149,24710
2024-12-27T07:00:00+0700,1.04148,1.0443500000000001,1.04046,1.04201,34006
2024-12-30T07:00:00+0700,1.04177,1.0458,1.03713,1.04057,35942
2024-12-31T07:00:00+0700,1.04057,1.0424,1.03434,1.0352,38896
2025-01-02T07:00:00+0700,1.03504,1.03751,1.02241,1.02563,47303
2025-01-03T07:00:00+0700,1.02563,1.03094,1.02546,1.03058,36791
2025-01-06T07:00:00+0700,1.03009,1.04363,1.02949,1.03883,55031
2025-01-07T07:00:00+0700,1.03879,1.04339,1.03385,1.0339,47569
2025-01-08T07:00:00+0700,1.0339,1.03572,1.02726,1.03171,50153
2025-01-09T07:00:00+0700,1.03171,1.0321,1.02832,1.02981,35682
2025-01-10T07:00:00+0700,1.02981,1.03114,1.02128,1.02403,48383
2025-01-13T07:00:00+0700,1.02297,1.02494,1.01773,1.02433,48704
2025-01-14T07:00:00+0700,1.02433,1.03082,1.02381,1.03066,51266
2025-01-15T07:00:00+0700,1.03066,1.03538,1.02587,1.02872,44496
2025-01-16T07:00:00+0700,1.02872,1.03146,1.02602,1.02953,48713
2025-01-17T07:00:00+0700,1.02941,1.03301,1.02644,1.02647,43967
2025-01-20T07:00:00+0700,1.02775,1.04338,1.02659,1.04146,48803
2025-01-21T07:00:00+0700,1.04146,1.04349,1.03415,1.04241,58578
2025-01-22T07:00:00+0700,1.04251,1.04568,1.03917,1.04075,45248
2025-01-23T07:00:00+0700,1.04072,1.0437400000000001,1.03717,1.04141,45004
2025-01-24T07:00:00+0700,1.04141,1.0521,1.04111,1.04901,49905
2025-01-27T07:00:00+0700,1.04737,1.05327,1.04535,1.04905,54136
2025-01-28T07:00:00+0700,1.04905,1.04922,1.04133,1.04289,48738
2025-01-29T07:00:00+0700,1.04289,1.04432,1.03819,1.04198,49619
2025-01-30T07:00:00+0700,1.04198,1.04674,1.03857,1.0387,47932
2025-01-31T07:00:00+0700,1.0387,1.04335,1.03496,1.03596,57953
2025-02-03T07:00:00+0700,1.02419,1.03494,1.02102,1.03429,81344
2025-02-04T07:00:00+0700,1.03429,1.03871,1.02718,1.03776,52375
2025-02-05T07:00:00+0700,1.03776,1.0442,1.03693,1.04009,47317
2025-02-06T07:00:00+0700,1.04009,1.0405,1.03521,1.03821,42953
2025-02-07T07:00:00+0700,1.03821,1.04118,1.03046,1.03261,49581
2025-02-10T07:00:00+0700,1.02879,1.0336,1.02791,1.03055,37201
2025-02-11T07:00:00+0700,1.03055,1.03805,1.02916,1.03599,35503
2025-02-12T07:00:00+0700,1.03599,1.04293,1.03167,1.0381,49933
2025-02-13T07:00:00+0700,1.0381,1.04665,1.03726,1.04625,54938
2025-02-14T07:00:00+0700,1.04625,1.05138,1.04468,1.04899,42127
2025-02-17T07:00:00+0700,1.04834,1.05059,1.04666,1.04827,28917
2025-02-18T07:00:00+0700,1.04826,1.04858,1.04347,1.04444,35422
2025-02-19T07:00:00+0700,1.04444,1.04609,1.04003,1.04212,38438
2025-02-20T07:00:00+0700,1.04208,1.0503,1.04157,1.04999,40904
2025-02-21T07:00:00+0700,1.04996,1.05052,1.0449,1.04516,42139
2025-02-24T07:00:00+0700,1.047,1.05278,1.04524,1.04664,48668
2025-02-25T07:00:00+0700,1.04664,1.05189,1.04558,1.05118,44388
2025-02-26T07:00:00+0700,1.05118,1.05282,1.04745,1.0483,46650
2025-02-27T07:00:00+0700,1.04827,1.04921,1.0396,1.03966,45226
2025-02-28T07:00:00+0700,1.03966,1.04195,1.03595,1.03711,49853
2025-03-03T07:00:00+0700,1.04025,1.05032,1.03882,1.04848,53509
2025-03-04T07:00:00+0700,1.04848,1.06268,1.04706,1.06246,68725
2025-03-05T07:00:00+0700,1.06247,1.07962,1.06016,1.07871,74310
2025-03-06T07:00:00+0700,1.07871,1.0853,1.07652,1.07797,72769
2025-03-07T07:00:00+0700,1.07795,1.08882,1.0778699999999999,1.08305,63408
2025-03-10T07:00:00+0700,1.08297,1.08742,1.08046,1.08333,58090
2025-03-11T07:00:00+0700,1.08333,1.09467,1.0826500000000001,1.09174,58906
2025-03-12T07:00:00+0700,1.09174,1.09308,1.08752,1.08864,52937
2025-03-13T07:00:00+0700,1.08863,1.08967,1.08221,1.08512,49809
2025-03-14T07:00:00+0700,1.08511,1.09121,1.08302,1.08742,49652
2025-03-17T07:00:00+0700,1.08743,1.0929,1.08681,1.09213,40265
2025-03-18T07:00:00+0700,1.09212,1.09542,1.08921,1.09429,39163
2025-03-19T07:00:00+0700,1.09432,1.09456,1.08601,1.09011,44288
2025-03-20T07:00:00+0700,1.09011,1.09169,1.08142,1.08477,41931
2025-03-21T07:00:00+0700,1.08486,1.08608,1.07971,1.08081,39839
2025-03-24T07:00:00+0700,1.08116,1.08578,1.07812,1.07997,42900
2025-03-25T07:00:00+0700,1.07998,1.08297,1.07765,1.07908,39582
2025-03-26T07:00:00+0700,1.07898,1.08023,1.07435,1.0751,42185
2025-03-27T07:00:00+0700,1.07551,1.08207,1.07325,1.08005,45811
2025-03-28T07:00:00+0700,1.07976,1.08443,1.07642,1.08261,40648
2025-03-31T07:00:00+0700,1.08241,1.08489,1.07837,1.08134,48066
2025-04-01T07:00:00+0700,1.08169,1.08297,1.0778,1.07907,43331
2025-04-02T07:00:00+0700,1.07892,1.09239,1.07798,1.08592,45527
2025-04-03T07:00:00+0700,1.08476,1.1145,1.08047,1.10499,94583
2025-04-04T07:00:00+0700,1.1049,1.11072,1.09241,1.09626,109043
2025-04-07T07:00:00+0700,1.08889,1.10495,1.08796,1.09038,122790
2025-04-08T07:00:00+0700,1.09026,1.09914,1.0888,1.09567,90170
2025-04-09T07:00:00+0700,1.09525,1.10947,1.09129,1.09463,123970
2025-04-10T07:00:00+0700,1.09474,1.1241,1.09427,1.12003,100791
2025-04-11T07:00:00+0700,1.11925,1.1473,1.11801,1.13583,124286
2025-04-14T07:00:00+0700,1.13113,1.14241,1.12955,1.13483,84891
2025-04-15T07:00:00+0700,1.13442,1.13784,1.12638,1.12797,65455
2025-04-16T07:00:00+0700,1.12801,1.14123,1.1279,1.13971,74697
2025-04-17T07:00:00+0700,1.13973,1.14089,1.13347,1.13603,62033
2025-04-18T07:00:00+0700,1.13585,1.13971,1.13564,1.13904,66661
2025-04-21T07:00:00+0700,1.13945,1.15728,1.13819,1.1510799999999999,62186
2025-04-22T07:00:00+0700,1.15077,1.15468,1.14172,1.14193,66928
2025-04-23T07:00:00+0700,1.14212,1.14394,1.13075,1.13133,79811
2025-04-24T07:00:00+0700,1.1314,1.13973,1.13132,1.13875,56229
2025-04-25T07:00:00+0700,1.1383,1.1391,1.13153,1.13614,52600
2025-04-28T07:00:00+0700,1.13633,1.1424400000000001,1.1329,1.14201,50678
2025-04-29T07:00:00+0700,1.14199,1.14215,1.1369799999999999,1.13817,53855
2025-04-30T07:00:00+0700,1.13864,1.13989,1.13167,1.13277,56533
2025-05-01T07:00:00+0700,1.13245,1.13405,1.12654,1.12886,50197
2025-05-02T07:00:00+0700,1.12855,1.13805,1.12738,1.12992,60434
2025-05-05T07:00:00+0700,1.13031,1.13644,1.12919,1.13134,52680
2025-05-06T07:00:00+0700,1.13134,1.13806,1.12794,1.13663,53235
2025-05-07T07:00:00+0700,1.13633,1.13773,1.12913,1.12985,64587
2025-05-08T07:00:00+0700,1.13,1.13357,1.12115,1.12263,62161
2025-05-09T07:00:00+0700,1.1221700000000001,1.12926,1.11961,1.12454,47809
2025-05-12T07:00:00+0700,1.11957,1.12423,1.10648,1.1085,70536
2025-05-13T07:00:00+0700,1.10873,1.11942,1.10845,1.11836,54465
2025-05-14T07:00:00+0700,1.11844,1.12654,1.11639,1.11708,60356
2025-05-15T07:00:00+0700,1.11769,1.12274,1.11699,1.11807,51539
2025-05-16T07:00:00+0700,1.11855,1.12192,1.11306,1.11611,46793
2025-05-19T07:00:00+0700,1.11742,1.12877,1.117,1.12397,53550
2025-05-20T07:00:00+0700,1.12329,1.12845,1.12176,1.1283,47868
2025-05-21T07:00:00+0700,1.1280999999999999,1.13623,1.1279,1.1329500000000001,55064
2025-05-22T07:00:00+0700,1.13229,1.13443,1.12554,1.12775,56506
2025-05-23T07:00:00+0700,1.12787,1.13751,1.12776,1.13561,52987
2025-05-26T07:00:00+0700,1.13639,1.14182,1.13603,1.13856,35182
2025-05-27T07:00:00+0700,1.138,1.14067,1.13228,1.13267,45757
2025-05-28T07:00:00+0700,1.13233,1.13445,1.1283400000000001,1.12903,48100
2025-05-29T07:00:00+0700,1.12906,1.1384,1.12101,1.13649,60157
2025-05-30T07:00:00+0700,1.13666,1.13893,1.13122,1.13459,55136
2025-06-02T07:00:00+0700,1.13435,1.14493,1.13427,1.1442,50506
2025-06-03T07:00:00+0700,1.14379,1.14541,1.13638,1.13695,44110
2025-06-04T07:00:00+0700,1.13717,1.1434,1.1356600000000001,1.14157,46199
2025-06-05T07:00:00+0700,1.14138,1.14945,1.14042,1.14428,51493
2025-06-06T07:00:00+0700,1.1442700000000001,1.14568,1.13712,1.13932,46239
2025-06-09T07:00:00+0700,1.14028,1.14388,1.13861,1.1419,33978
2025-06-10T07:00:00+0700,1.14199,1.14471,1.13725,1.14238,43273
2025-06-11T07:00:00+0700,1.14223,1.1499,1.14049,1.14872,47160
2025-06-12T07:00:00+0700,1.14841,1.16309,1.14833,1.15838,55778
2025-06-13T07:00:00+0700,1.15789,1.16139,1.14885,1.15454,70619
2025-06-16T07:00:00+0700,1.15308,1.1614200000000001,1.15233,1.15592,56271
2025-06-17T07:00:00+0700,1.15581,1.15796,1.1474199999999999,1.1479,57018
2025-06-18T07:00:00+0700,1.14747,1.15298,1.14605,1.14819,57772
2025-06-19T07:00:00+0700,1.14736,1.14995,1.14459,1.14958,45724
2025-06-20T07:00:00+0700,1.14903,1.15435,1.14899,1.15204,49845
2025-06-23T07:00:00+0700,1.14561,1.15812,1.14531,1.1577,66778
2025-06-24T07:00:00+0700,1.15774,1.16413,1.15721,1.16073,58817
2025-06-25T07:00:00+0700,1.1605699999999999,1.16646,1.15896,1.16585,43169
2025-06-26T07:00:00+0700,1.16545,1.17444,1.16527,1.17004,54913
2025-06-27T07:00:00+0700,1.16987,1.17532,1.16805,1.17146,50485
2025-06-30T07:00:00+0700,1.17285,1.17869,1.17073,1.17864,48858
2025-07-01T07:00:00+0700,1.1781,1.18292,1.17609,1.18041,48305
2025-07-02T07:00:00+0700,1.18002,1.18094,1.17465,1.1797900000000001,46228
2025-07-03T07:00:00+0700,1.17946,1.18095,1.1717,1.1756,42420
2025-07-04T07:00:00+0700,1.17577,1.1787,1.17515,1.17733,39448
2025-07-07T07:00:00+0700,1.17811,1.17898,1.16865,1.1707,44977
2025-07-08T07:00:00+0700,1.17071,1.17647,1.16822,1.1724,46059
2025-07-09T07:00:00+0700,1.1718600000000001,1.17288,1.16892,1.1721,42201
2025-07-10T07:00:00+0700,1.1715,1.1749100000000001,1.16622,1.16992,37602
2025-07-11T07:00:00+0700,1.1696900000000001,1.17135,1.16642,1.16886,45215
2025-07-14T07:00:00+0700,1.16665,1.16972,1.16538,1.1663999999999999,40450
2025-07-15T07:00:00+0700,1.16617,1.16923,1.15924,1.16013,41142
2025-07-16T07:00:00+0700,1.15977,1.17211,1.15619,1.16387,52659
2025-07-17T07:00:00+0700,1.16329,1.16419,1.15566,1.15964,40503
2025-07-18T07:00:00+0700,1.15928,1.16716,1.15923,1.16242,39539
2025-07-21T07:00:00+0700,1.16247,1.17163,1.1614200000000001,1.16946,38065
2025-07-22T07:00:00+0700,1.16896,1.176,1.16784,1.17529,36810
2025-07-23T07:00:00+0700,1.17529,1.17747,1.17104,1.17718,44992
2025-07-24T07:00:00+0700,1.17671,1.17883,1.17301,1.17475,43123
2025-07-25T07:00:00+0700,1.17346,1.17604,1.17028,1.174,43844
2025-07-28T07:00:00+0700,1.17586,1.17699,1.1584,1.1587399999999999,48957
2025-07-29T07:00:00+0700,1.15886,1.15987,1.15184,1.15441,49031
2025-07-30T07:00:00+0700,1.15458,1.15723,1.13997,1.14023,53780
2025-07-31T07:00:00+0700,1.14032,1.14605,1.14026,1.14134,50914
2025-08-01T07:00:00+0700,1.14147,1.15965,1.13912,1.15858,64123
2025-08-04T07:00:00+0700,1.15907,1.15951,1.15492,1.15711,54006
2025-08-05T07:00:00+0700,1.15666,1.1587399999999999,1.15272,1.15736,47342
2025-08-06T07:00:00+0700,1.15711,1.16681,1.15639,1.16587,42548
2025-08-07T07:00:00+0700,1.16529,1.16984,1.16105,1.16628,49191
2025-08-08T07:00:00+0700,1.16607,1.16789,1.16284,1.16391,44551
2025-08-11T07:00:00+0700,1.16446,1.1675,1.15896,1.16148,36288
2025-08-12T07:00:00+0700,1.16076,1.1696900000000001,1.15982,1.16718,50701
2025-08-13T07:00:00+0700,1.16685,1.17298,1.16684,1.17032,38291
2025-08-14T07:00:00+0700,1.17013,1.17146,1.16306,1.1647,45984
2025-08-15T07:00:00+0700,1.1648100000000001,1.17147,1.1645699999999999,1.17029,37572
2025-08-18T07:00:00+0700,1.171,1.17149,1.16555,1.16599,34452
2025-08-19T07:00:00+0700,1.16597,1.16925,1.16387,1.16454,34736
2025-08-20T07:00:00+0700,1.16428,1.16732,1.16218,1.16491,39407
2025-08-21T07:00:00+0700,1.1649,1.16623,1.16007,1.16052,39813
2025-08-22T07:00:00+0700,1.16042,1.17421,1.15825,1.17204,42307
2025-08-25T07:00:00+0700,1.1721,1.17255,1.16023,1.16183,34353
2025-08-26T07:00:00+0700,1.1617,1.16648,1.16018,1.16395,46479
2025-08-27T07:00:00+0700,1.16419,1.16471,1.15736,1.16361,37382
2025-08-28T07:00:00+0700,1.16336,1.1696900000000001,1.16287,1.16812,37903
2025-08-29T07:00:00+0700,1.16798,1.17085,1.16504,1.16836,38175
2025-09-01T07:00:00+0700,1.16932,1.17361,1.1685699999999999,1.171,29480
2025-09-02T07:00:00+0700,1.17072,1.17178,1.16125,1.16403,50430
2025-09-03T07:00:00+0700,1.1638600000000001,1.16816,1.16077,1.166,40446
2025-09-04T07:00:00+0700,1.16572,1.1669,1.16295,1.16495,39072
2025-09-05T07:00:00+0700,1.16454,1.1759,1.16454,1.17166,46361
2025-09-08T07:00:00+0700,1.1710099999999999,1.17649,1.17031,1.17616,39986
2025-09-09T07:00:00+0700,1.17595,1.1779600000000001,1.17033,1.17084,43636
2025-09-10T07:00:00+0700,1.1703999999999999,1.17298,1.16822,1.1693500000000001,42513
2025-09-11T07:00:00+0700,1.16936,1.17455,1.16597,1.17346,45834
2025-09-12T07:00:00+0700,1.17314,1.17471,1.1701,1.1733500000000001,38537
2025-09-15T07:00:00+0700,1.17269,1.1774,1.17158,1.17599,33887
2025-09-16T07:00:00+0700,1.17605,1.1877900000000001,1.17569,1.1865700000000001,46784
2025-09-17T07:00:00+0700,1.18652,1.1918,1.1807400000000001,1.18121,46889
2025-09-18T07:00:00+0700,1.181,1.18478,1.17497,1.17847,51207
2025-09-19T07:00:00+0700,1.17822,1.1792,1.17283,1.17427,46232
2025-09-22T07:00:00+0700,1.17379,1.18023,1.17256,1.18008,36067
2025-09-23T07:00:00+0700,1.17937,1.1819600000000001,1.17777,1.18132,41796
2025-09-24T07:00:00+0700,1.18113,1.18185,1.17276,1.1737,41461
2025-09-25T07:00:00+0700,1.17367,1.17535,1.16451,1.16642,44746
2025-09-26T07:00:00+0700,1.16564,1.1706699999999999,1.16564,1.16986,41960
2025-09-29T07:00:00+0700,1.16975,1.1754,1.16975,1.17256,37245
2025-09-30T07:00:00+0700,1.17233,1.1761,1.17117,1.17324,41193
2025-10-01T07:00:00+0700,1.17319,1.17782,1.17151,1.17294,49831
2025-10-02T07:00:00+0700,1.17275,1.17577,1.16827,1.17148,39029
2025-10-03T07:00:00+0700,1.1713,1.17586,1.17129,1.1740599999999999,35783
2025-10-06T07:00:00+0700,1.1718600000000001,1.17303,1.16514,1.17111,46613
2025-10-07T07:00:00+0700,1.17062,1.17141,1.16472,1.16564,39023
2025-10-08T07:00:00+0700,1.16564,1.16607,1.1598,1.16272,43074
2025-10-09T07:00:00+0700,1.16226,1.16476,1.15416,1.15629,50286
2025-10-10T07:00:00+0700,1.15527,1.1630099999999999,1.15527,1.16173,47388
2025-10-13T07:00:00+0700,1.16106,1.16293,1.15571,1.1569,43319
2025-10-14T07:00:00+0700,1.15668,1.16143,1.15419,1.16066,53082
2025-10-15T07:00:00+0700,1.16048,1.16472,1.16013,1.16458,43536
2025-10-16T07:00:00+0700,1.16419,1.16936,1.16406,1.16861,49328
2025-10-17T07:00:00+0700,1.16821,1.17279,1.16491,1.16492,50769
2025-10-20T07:00:00+0700,1.16621,1.1675,1.16378,1.16397,37262
2025-10-21T07:00:00+0700,1.16397,1.16547,1.15973,1.15982,43303
2025-10-22T07:00:00+0700,1.15982,1.1622,1.15764,1.1608100000000001,37917
2025-10-23T07:00:00+0700,1.16072,1.16196,1.1585,1.16166,31264
2025-10-24T07:00:00+0700,1.1614,1.16475,1.16004,1.16248,36396
2025-10-27T07:00:00+0700,1.16339,1.16516,1.16172,1.16428,31915
2025-10-28T07:00:00+0700,1.16429,1.16683,1.16251,1.16506,35539
2025-10-29T07:00:00+0700,1.16496,1.16655,1.15772,1.15994,44610
2025-10-30T07:00:00+0700,1.15997,1.16369,1.15466,1.15635,44710
2025-10-31T07:00:00+0700,1.15632,1.15771,1.15211,1.15347,35246
2025-11-03T07:00:00+0700,1.15293,1.15408,1.1504699999999999,1.15176,33246
2025-11-04T07:00:00+0700,1.15164,1.15331,1.14727,1.14812,34202
2025-11-05T07:00:00+0700,1.14808,1.14975,1.14685,1.1491500000000001,32760
2025-11-06T07:00:00+0700,1.149,1.15518,1.14889,1.15459,33481
2025-11-07T07:00:00+0700,1.15414,1.15906,1.1529099999999999,1.15637,33147
2025-11-10T07:00:00+0700,1.15542,1.15825,1.15408,1.1556,33230
2025-11-11T07:00:00+0700,1.15526,1.16053,1.15467,1.15808,31329
2025-11-12T07:00:00+0700,1.15831,1.15973,1.15626,1.15916,30887
2025-11-13T07:00:00+0700,1.15907,1.16556,1.15785,1.16328,38524
2025-11-14T07:00:00+0700,1.1629,1.16534,1.16058,1.16196,43201
2025-11-17T07:00:00+0700,1.16121,1.1623999999999999,1.15814,1.1590799999999999,31291
2025-11-18T07:00:00+0700,1.15888,1.16074,1.15711,1.15791,36155
2025-11-19T07:00:00+0700,1.15744,1.15968,1.15176,1.15371,38814
2025-11-20T07:00:00+0700,1.15367,1.15495,1.15014,1.15271,42724
2025-11-21T07:00:00+0700,1.15236,1.1552,1.14907,1.15118,44332
2025-11-24T07:00:00+0700,1.15103,1.155,1.15014,1.15199,31031
2025-11-25T07:00:00+0700,1.15176,1.15856,1.15112,1.15682,38510
2025-11-26T07:00:00+0700,1.1567,1.16004,1.15467,1.15958,43783
2025-11-27T07:00:00+0700,1.15882,1.16131,1.15761,1.15944,24861
2025-11-28T07:00:00+0700,1.15917,1.16071,1.15546,1.15951,59627
2025-12-01T07:00:00+0700,1.159,1.16515,1.15889,1.16075,40823
2025-12-02T07:00:00+0700,1.16068,1.16254,1.1590799999999999,1.16236,31070
2025-12-03T07:00:00+0700,1.1620300000000001,1.16771,1.16174,1.16698,32980
2025-12-04T07:00:00+0700,1.16645,1.16815,1.16406,1.16435,32853
2025-12-05T07:00:00+0700,1.16417,1.16713,1.16275,1.16419,32570
2025-12-08T07:00:00+0700,1.16329,1.16717,1.1616,1.16357,39075
2025-12-09T07:00:00+0700,1.16316,1.16568,1.16146,1.16251,35326
2025-12-10T07:00:00+0700,1.1625,1.16993,1.1621299999999999,1.16942,40697
2025-12-11T07:00:00+0700,1.16936,1.1762299999999999,1.16818,1.17374,39464
2025-12-12T07:00:00+0700,1.17382,1.17494,1.17191,1.17385,35031
2025-12-15T07:00:00+0700,1.17298,1.1768399999999999,1.17259,1.17522,33924
2025-12-16T07:00:00+0700,1.17494,1.18035,1.17346,1.17456,41798
2025-12-17T07:00:00+0700,1.17451,1.17576,1.17027,1.17392,39812
2025-12-18T07:00:00+0700,1.17372,1.17621,1.17122,1.17224,39466
2025-12-19T07:00:00+0700,1.17156,1.17373,1.17024,1.17068,35931
2025-12-22T07:00:00+0700,1.17139,1.17689,1.17056,1.17604,30934
2025-12-23T07:00:00+0700,1.17533,1.18015,1.1752,1.1791800000000001,40453
2025-12-24T07:00:00+0700,1.1789399999999999,1.18075,1.17722,1.17758,34644
2025-12-26T07:00:00+0700,1.17765,1.17963,1.17611,1.17695,37232
2025-12-29T07:00:00+0700,1.17633,1.17886,1.1749,1.17708,35371
2025-12-30T07:00:00+0700,1.1766,1.17794,1.17429,1.17464,30913
2025-12-31T07:00:00+0700,1.17421,1.1759,1.17196,1.17444,32454
2026-01-02T07:00:00+0700,1.17447,1.17645,1.17129,1.17183,31850
2026-01-05T07:00:00+0700,1.17185,1.17283,1.16585,1.17202,40823
2026-01-06T07:00:00+0700,1.17175,1.17424,1.16834,1.16872,37161
2026-01-07T07:00:00+0700,1.1684,1.17023,1.16724,1.16744,34849
2026-01-08T07:00:00+0700,1.16729,1.16825,1.16422,1.16571,31922
2026-01-09T07:00:00+0700,1.16562,1.16619,1.16177,1.16317,36406
2026-01-12T07:00:00+0700,1.16268,1.16981,1.16212,1.16649,36709
2026-01-13T07:00:00+0700,1.16661,1.16771,1.16337,1.16414,35271
2026-01-14T07:00:00+0700,1.16402,1.16612,1.1635,1.1644,34032
2026-01-15T07:00:00+0700,1.16435,1.16465,1.15926,1.16083,33592
2026-01-16T07:00:00+0700,1.16036,1.16269,1.15841,1.15972,33625
2026-01-19T07:00:00+0700,1.15786,1.16483,1.15767,1.1644700000000001,32387
2026-01-20T07:00:00+0700,1.16413,1.1768,1.16322,1.1724999999999999,49056
2026-01-21T07:00:00+0700,1.17177,1.17426,1.16757,1.1686,45223
2026-01-22T07:00:00+0700,1.168,1.17551,1.16696,1.17536,37002
2026-01-23T07:00:00+0700,1.17479,1.18332,1.17278,1.18273,43852
2026-01-26T07:00:00+0700,1.1859899999999999,1.19066,1.1834500000000001,1.18786,59293
2026-01-27T07:00:00+0700,1.18715,1.20819,1.185,1.20389,60773
2026-01-28T07:00:00+0700,1.2036,1.2044,1.18953,1.1952,66284
2026-01-29T07:00:00+0700,1.19527,1.19961,1.19056,1.19692,66018
2026-01-30T07:00:00+0700,1.19621,1.19742,1.18488,1.1849,81380
2026-02-02T07:00:00+0700,1.1849,1.18743,1.17755,1.17892,70012
2026-02-03T07:00:00+0700,1.17812,1.1828400000000001,1.1779600000000001,1.1817199999999999,50939
2026-02-04T07:00:00+0700,1.1813500000000001,1.18375,1.179,1.18041,49437
2026-02-05T07:00:00+0700,1.18008,1.18082,1.17799,1.17933,24111
