time_th,open,high,low,close,tick_volume,tr,atr14,range,body,upper_wick,lower_wick,close_pos,swing_high,swing_low,structure_event,bos_up,bos_dn,choch_up,choch_dn,ema20,ema50,pmh,pml,pmc,sweep_prev_high,sweep_prev_low
2023-02-19T07:00:00+0700,1.05958,1.06139,1.05357,1.05457,59848,0.00782000000000016,0.00782000000000016,0.00782000000000016,0.005009999999999959,0.0018100000000000893,0.001000000000000112,0.1278772378516741,0,0,,0,0,0,0,1.05457,1.05457,,,,0,0
2023-02-26T07:00:00+0700,1.05443,1.0691,1.05326,1.06348,264415,0.015839999999999854,0.011830000000000007,0.015839999999999854,0.009050000000000002,0.005619999999999958,0.0011699999999998933,0.6452020202020196,0,0,,0,0,0,0,1.0554185714285713,1.054919411764706,,,,0,0
2023-03-05T07:00:00+0700,1.06268,1.07002,1.05241,1.06422,276520,0.017609999999999904,0.01375666666666664,0.017609999999999904,0.0015399999999998748,0.005800000000000027,0.010270000000000001,0.6706416808631426,0,0,,0,0,0,0,1.0562568027210884,1.05528414071511,1.0691,1.05326,1.06348,1,1
2023-03-12T07:00:00+0700,1.06836,1.07594,1.05156,1.06664,412725,0.024379999999999846,0.01641249999999994,0.024379999999999846,0.0017199999999999438,0.00757999999999992,0.015079999999999982,0.6185397867104215,0,1,,0,0,0,0,1.0572456786524134,1.0557294685302037,1.0691,1.05326,1.06348,1,1
2023-03-19T07:00:00+0700,1.06878,1.09292,1.06309,1.07581,294188,0.0298299999999998,0.01909599999999991,0.0298299999999998,0.00702999999999987,0.01710999999999996,0.005689999999999973,0.4264163593697595,0,0,,0,0,0,0,1.0590137092569454,1.0565169403525487,1.0691,1.05326,1.06348,0,0
2023-03-26T07:00:00+0700,1.07744,1.0925799999999999,1.07446,1.08357,271765,0.018119999999999914,0.018933333333333247,0.018119999999999914,0.006129999999999969,0.009009999999999962,0.0029799999999999827,0.5027593818984545,0,0,,0,0,0,0,1.0613524036134268,1.0575778446524486,1.0691,1.05326,1.06348,0,0
2023-04-02T07:00:00+0700,1.08383,1.09728,1.07877,1.08963,254519,0.018510000000000026,0.018872857142857073,0.018510000000000026,0.005800000000000027,0.007649999999999935,0.0050600000000000644,0.5867098865478161,0,0,,0,0,0,0,1.0640455080311957,1.0588347919209802,1.09292,1.05156,1.08357,1,0
2023-04-09T07:00:00+0700,1.08937,1.10754,1.0830899999999999,1.09854,215843,0.024450000000000083,0.01956999999999995,0.024450000000000083,0.009170000000000122,0.008999999999999897,0.006280000000000063,0.631901840490803,0,0,,0,0,0,0,1.0673306977425103,1.0603918589044712,1.09292,1.05156,1.08357,0,0
2023-04-16T07:00:00+0700,1.09873,1.09993,1.09087,1.09878,203173,0.009060000000000068,0.018402222222222184,0.009060000000000068,5.0000000000105516e-05,0.0011499999999999844,0.007859999999999978,0.8730684326710844,0,0,,0,0,0,0,1.0703258693860809,1.061897276202335,1.09292,1.05156,1.08357,0,0
2023-04-23T07:00:00+0700,1.09898,1.10946,1.09621,1.10124,237418,0.013249999999999984,0.017886999999999965,0.013249999999999984,0.0022599999999999287,0.008219999999999894,0.0027700000000001612,0.3796226415094412,1,0,,0,0,0,0,1.0732700723016924,1.063440128115969,1.09292,1.05156,1.08357,0,0
2023-04-30T07:00:00+0700,1.1022,1.10909,1.09417,1.1015,238087,0.014919999999999822,0.01761727272727268,0.014919999999999822,0.000700000000000145,0.006889999999999841,0.007329999999999837,0.49128686327077237,0,0,,0,0,0,0,1.0759586368443883,1.0649326721114214,1.09292,1.05156,1.08357,0,0
2023-05-07T07:00:00+0700,1.10217,1.10532,1.08458,1.08458,206499,0.02073999999999998,0.017877499999999952,0.02073999999999998,0.017589999999999995,0.003149999999999986,0.0,0.0,0,0,,0,0,0,0,1.0767797190496846,1.0657031555580323,1.10946,1.07877,1.1015,0,0
2023-05-14T07:00:00+0700,1.08596,1.09042,1.07596,1.08048,197995,0.014459999999999917,0.017614615384615336,0.014459999999999917,0.005479999999999929,0.0044599999999999085,0.0045200000000000795,0.3125864453665356,0,0,,0,0,0,0,1.0771321267592384,1.0662826396537957,1.10946,1.07877,1.1015,0,1
2023-05-21T07:00:00+0700,1.0803,1.08308,1.07014,1.07196,218419,0.012939999999999952,0.017280714285714236,0.012939999999999952,0.008340000000000014,0.0027800000000000047,0.0018199999999999328,0.14064914992271557,0,0,,0,0,0,0,1.0766395432583586,1.0665052812359999,1.10946,1.07877,1.1015,0,0
2023-05-28T07:00:00+0700,1.07132,1.07785,1.06347,1.07059,201389,0.01438000000000006,0.01774928571428566,0.01438000000000006,0.0007300000000001194,0.006529999999999925,0.007120000000000015,0.4951321279554928,0,1,,0,0,0,0,1.0760633962813722,1.0666654662855686,1.10946,1.07877,1.1015,0,0
2023-06-04T07:00:00+0700,1.07102,1.07865,1.06666,1.07466,188671,0.011990000000000167,0.017474285714285682,0.011990000000000167,0.0036399999999998656,0.00399000000000016,0.0043600000000001415,0.6672226855713007,0,0,,0,0,0,0,1.0759297394926701,1.0669789774116247,1.10532,1.06347,1.07059,0,0
2023-06-11T07:00:00+0700,1.07457,1.09702,1.07327,1.09346,208444,0.02375000000000016,0.017912857142857126,0.02375000000000016,0.018890000000000073,0.0035600000000000076,0.0013000000000000789,0.8501052631578955,0,0,,0,0,0,0,1.077599288112416,1.0680174488856788,1.10532,1.06347,1.07059,0,0
2023-06-18T07:00:00+0700,1.09385,1.10117,1.0844,1.08851,206830,0.01676999999999995,0.017369285714285705,0.01676999999999995,0.0053399999999999,0.007319999999999993,0.004110000000000058,0.24508050089445854,1,0,,0,0,0,0,1.0786384035302812,1.0688210783411425,1.10532,1.06347,1.07059,0,0
2023-06-25T07:00:00+0700,1.09001,1.09762,1.08349,1.09029,214031,0.014129999999999976,0.016247857142857147,0.014129999999999976,0.000280000000000058,0.007330000000000059,0.006519999999999859,0.48124557678697305,0,0,,0,0,0,0,1.0797480793845402,1.0696629968375684,1.10532,1.06347,1.07059,0,0
2023-07-02T07:00:00+0700,1.09057,1.09728,1.08333,1.09595,195954,0.013950000000000129,0.01595000000000002,0.013950000000000129,0.00537999999999994,0.0013300000000000534,0.007240000000000135,0.9046594982078824,0,1,,0,0,0,0,1.0812911194431554,1.0706938597066833,1.10117,1.06666,1.09029,0,0
2023-07-09T07:00:00+0700,1.09543,1.12445,1.0943100000000001,1.12176,224787,0.030139999999999834,0.01678071428571429,0.030139999999999834,0.026330000000000187,0.002689999999999859,0.0011199999999997878,0.9107498341075025,0,0,BOS_UP,1,0,0,0,1.0851452985438073,1.0726964534436763,1.10117,1.06666,1.09029,0,0
2023-07-16T07:00:00+0700,1.12251,1.12753,1.11074,1.11209,227183,0.01678999999999986,0.01623357142857142,0.01678999999999986,0.010419999999999874,0.0050200000000000244,0.0013499999999999623,0.08040500297796149,1,0,,0,0,0,0,1.0877114605872542,1.0742412984066694,1.10117,1.06666,1.09029,0,0
2023-07-23T07:00:00+0700,1.11178,1.11492,1.09432,1.10088,264856,0.02059999999999995,0.017057857142857125,0.02059999999999995,0.01089999999999991,0.0031399999999999206,0.006560000000000121,0.3184466019417542,0,0,,0,0,0,0,1.0889656071979918,1.0752859533711137,1.10117,1.06666,1.09029,1,0
2023-07-30T07:00:00+0700,1.1015,1.10454,1.09119,1.10001,250529,0.013349999999999973,0.01706499999999998,0.013349999999999973,0.0014899999999999913,0.0030400000000001537,0.008819999999999828,0.6606741573033592,0,0,,0,0,0,0,1.0900174541315164,1.0762555238271485,1.10117,1.06666,1.09029,1,0
2023-08-06T07:00:00+0700,1.10064,1.10643,1.09286,1.0939,221265,0.013570000000000082,0.016968571428571427,0.013570000000000082,0.006739999999999968,0.005789999999999962,0.001040000000000152,0.07663964627856637,0,0,,0,0,0,0,1.0903872204047054,1.0769474640692211,1.12753,1.08333,1.10001,0,0
2023-08-13T07:00:00+0700,1.09435,1.0959699999999999,1.08445,1.08635,253195,0.011519999999999975,0.016309999999999998,0.011519999999999975,0.008000000000000007,0.0016199999999999548,0.0019000000000000128,0.16493055555555702,0,0,,0,0,0,0,1.090002723223305,1.0773161909684674,1.12753,1.08333,1.10001,0,0
2023-08-20T07:00:00+0700,1.08618,1.09299,1.07653,1.07897,222560,0.01645999999999992,0.01645285714285714,0.01645999999999992,0.007209999999999939,0.006809999999999983,0.0024399999999999977,0.148238153098421,0,0,CHOCH_DN,0,0,0,1,1.0889519876782283,1.077381046224606,1.12753,1.08333,1.10001,0,0
2023-08-27T07:00:00+0700,1.0791,1.0945,1.07666,1.07683,222444,0.017840000000000078,0.01680285714285715,0.017840000000000078,0.0022699999999999942,0.01540000000000008,0.00017000000000000348,0.009529147982062934,0,0,BOS_DN,0,1,0,0,1.0877975126612542,1.0773594365687393,1.12753,1.08333,1.10001,0,0
2023-09-03T07:00:00+0700,1.07712,1.08084,1.06857,1.06947,189672,0.012270000000000003,0.016652142857142862,0.012270000000000003,0.007650000000000157,0.0037199999999999456,0.0008999999999999009,0.07334963325182564,0,0,BOS_DN,0,1,0,0,1.0860520352649443,1.0770500468993771,1.10643,1.07653,1.07683,0,0
2023-09-10T07:00:00+0700,1.07097,1.07679,1.06289,1.0649,216326,0.013900000000000023,0.016788571428571424,0.013900000000000023,0.00607000000000002,0.005819999999999936,0.0020100000000000673,0.1446043165467672,0,0,BOS_DN,0,1,0,0,1.0840375557159019,1.0765735744719507,1.10643,1.07653,1.07683,0,0
2023-09-17T07:00:00+0700,1.0653,1.07363,1.06144,1.06385,196287,0.012190000000000145,0.015962857142857136,0.012190000000000145,0.0014499999999999513,0.00833000000000017,0.0024100000000000232,0.19770303527481498,0,0,BOS_DN,0,1,0,0,1.0821149313620064,1.0760746107671684,1.10643,1.07653,1.07683,0,0
2023-09-24T07:00:00+0700,1.06321,1.06551,1.04876,1.0562,216415,0.016750000000000043,0.01596142857142857,0.016750000000000043,0.007009999999999961,0.0022999999999999687,0.007440000000000113,0.44417910447761755,0,0,BOS_DN,0,1,0,0,1.079646842660863,1.075295214266495,1.10643,1.07653,1.07683,0,0
2023-10-01T07:00:00+0700,1.05569,1.05995,1.04478,1.0582799999999999,245207,0.015169999999999906,0.01603571428571428,0.015169999999999906,0.00258999999999987,0.0016700000000000603,0.010909999999999975,0.8899143045484462,0,1,,0,0,0,0,1.0776119052645903,1.0746279509619265,1.08084,1.04876,1.0562,0,1
2023-10-08T07:00:00+0700,1.05468,1.06393,1.04951,1.05039,246777,0.0144200000000001,0.016069285714285706,0.0144200000000001,0.004290000000000127,0.00924999999999998,0.0008799999999999919,0.061026352288487226,0,0,,0,0,0,0,1.075019342858439,1.0736774430810667,1.08084,1.04876,1.0562,0,0
2023-10-15T07:00:00+0700,1.05056,1.06163,1.05027,1.0591,225935,0.011360000000000037,0.01472785714285715,0.011360000000000037,0.008539999999999992,0.0025300000000001432,0.00028999999999990145,0.7772887323943543,0,0,,0,0,0,0,1.073503214967159,1.0731057786465152,1.08084,1.04876,1.0562,0,0
2023-10-22T07:00:00+0700,1.05893,1.06935,1.05221,1.05614,212289,0.017139999999999933,0.014752857142857154,0.017139999999999933,0.002789999999999848,0.010420000000000096,0.003929999999999989,0.22928821470245067,0,0,,0,0,0,0,1.0718495754464772,1.0724404539937107,1.08084,1.04876,1.0562,0,0
2023-10-29T07:00:00+0700,1.05602,1.07463,1.05167,1.07282,218093,0.02295999999999987,0.014921428571428577,0.02295999999999987,0.016800000000000148,0.0018099999999998673,0.004349999999999854,0.9211672473867649,0,0,,0,0,0,0,1.071941996832527,1.0724553381508202,1.08084,1.04876,1.0562,0,0
2023-11-05T07:00:00+0700,1.07207,1.07558,1.06557,1.06814,190791,0.010010000000000074,0.014682857142857155,0.010010000000000074,0.003929999999999989,0.003509999999999902,0.0025700000000001832,0.25674325674327314,0,0,,0,0,0,0,1.0715799018960959,1.0722861092037292,1.07463,1.04478,1.07282,1,0
2023-11-12T07:00:00+0700,1.06802,1.09132,1.06646,1.09102,195041,0.024860000000000104,0.01548928571428573,0.024860000000000104,0.02300000000000013,0.00029999999999996696,0.0015600000000000058,0.9879324215607416,0,0,,0,0,0,0,1.0734313398107533,1.0730207715878968,1.07463,1.04478,1.07282,0,0
2023-11-19T07:00:00+0700,1.09073,1.09647,1.0852,1.09306,180563,0.011270000000000113,0.015471428571428596,0.011270000000000113,0.0023299999999999432,0.003410000000000135,0.005530000000000035,0.6974267968056699,0,0,,0,0,0,0,1.075300736019253,1.0738066236824892,1.07463,1.04478,1.07282,0,0
2023-11-26T07:00:00+0700,1.09418,1.10168,1.08284,1.08765,232248,0.018839999999999968,0.0156414285714286,0.018839999999999968,0.006529999999999925,0.007500000000000062,0.004809999999999981,0.2553078556263264,1,0,,0,0,0,0,1.0764768563983718,1.074349501185137,1.07463,1.04478,1.07282,0,0
2023-12-03T07:00:00+0700,1.08743,1.08944,1.07235,1.07582,248173,0.01709000000000005,0.015587857142857169,0.01709000000000005,0.011609999999999898,0.0020100000000000673,0.003470000000000084,0.20304271503803828,0,1,,0,0,0,0,1.0764142986461458,1.0744071678053277,1.10168,1.06557,1.08765,0,0
2023-12-10T07:00:00+0700,1.0756000000000001,1.10088,1.07412,1.0890900000000001,252613,0.026760000000000117,0.01662285714285718,0.026760000000000117,0.013490000000000002,0.011789999999999967,0.0014800000000001479,0.5594170403587475,0,0,,0,0,0,0,1.0776215082988938,1.0749829651462952,1.10168,1.06557,1.08765,0,0
2023-12-17T07:00:00+0700,1.08947,1.10396,1.08916,1.10071,220093,0.014869999999999939,0.016692142857142885,0.014800000000000146,0.011240000000000139,0.003249999999999975,0.00031000000000003247,0.7804054054054093,0,0,,0,0,0,0,1.0798204122704278,1.0759918684738916,1.10168,1.06557,1.08765,1,0
2023-12-24T07:00:00+0700,1.10003,1.11389,1.10003,1.1033,132348,0.013859999999999983,0.016811428571428588,0.013859999999999983,0.003269999999999884,0.0105900000000001,0.0,0.23593073593072786,1,0,,0,0,0,0,1.0820565634827681,1.0770627755925624,1.10168,1.06557,1.08765,0,0
2023-12-31T07:00:00+0700,1.10412,1.10438,1.08765,1.09385,190670,0.01672999999999991,0.01681000000000001,0.01672999999999991,0.010270000000000001,0.00025999999999992696,0.006199999999999983,0.37059175134489036,0,0,,0,0,0,0,1.0831797479129808,1.0777210981183443,1.10168,1.06557,1.08765,1,0
2024-01-07T07:00:00+0700,1.09325,1.09991,1.09101,1.09463,223169,0.008899999999999908,0.016362142857142863,0.008899999999999908,0.0013799999999999368,0.005279999999999951,0.0022400000000000198,0.40674157303370717,0,0,,0,0,0,0,1.0842702481117446,1.0783841923097817,1.11389,1.07235,1.09385,0,0
2024-01-14T07:00:00+0700,1.09443,1.0967,1.08441,1.08947,215286,0.012289999999999912,0.016209999999999995,0.012289999999999912,0.0049600000000000755,0.0022699999999999942,0.005059999999999842,0.41171684296174765,0,0,,0,0,0,0,1.0847654625772927,1.078818929866261,1.11389,1.07235,1.09385,0,0
2024-01-21T07:00:00+0700,1.08873,1.0931899999999999,1.08125,1.08484,209356,0.01193999999999984,0.016251428571428552,0.01193999999999984,0.003889999999999949,0.0044599999999999085,0.003589999999999982,0.3006700167504213,0,0,,0,0,0,0,1.0847725613794552,1.0790550502636624,1.11389,1.07235,1.09385,0,0
2024-01-28T07:00:00+0700,1.084,1.0897000000000001,1.07795,1.07834,236308,0.01175000000000015,0.015866428571428566,0.01175000000000015,0.005659999999999998,0.005700000000000038,0.0003900000000001125,0.03319148936171128,0,0,,0,0,0,0,1.0841599364861738,1.0790270090768521,1.11389,1.07235,1.09385,0,0
2024-02-04T07:00:00+0700,1.07825,1.07943,1.07222,1.07821,204548,0.007209999999999939,0.014741428571428572,0.007209999999999939,4.0000000000040004e-05,0.0011799999999999589,0.00598999999999994,0.8307905686546451,0,0,,0,0,0,0,1.083593275868443,1.0789949695052108,1.09991,1.07795,1.07834,0,1
2024-02-11T07:00:00+0700,1.07723,1.08051,1.06945,1.07738,189792,0.01106000000000007,0.014816428571428572,0.01106000000000007,0.0001500000000000945,0.003130000000000077,0.007779999999999898,0.7169981916817308,0,1,,0,0,0,0,1.0830015353095437,1.0789316373677516,1.09991,1.07795,1.07834,0,0
2024-02-18T07:00:00+0700,1.07689,1.08878,1.07611,1.08169,181850,0.012670000000000181,0.013945714285714292,0.012670000000000181,0.0048000000000001375,0.007090000000000041,0.0007800000000000029,0.4404104183109756,0,0,,0,0,0,0,1.0828766271848251,1.0790398084513693,1.09991,1.07795,1.07834,0,1
2024-02-25T07:00:00+0700,1.08284,1.08654,1.07945,1.08365,181981,0.007090000000000041,0.013647142857142858,0.007090000000000041,0.0008099999999999774,0.002890000000000059,0.003390000000000004,0.5923836389280617,0,0,,0,0,0,0,1.0829502817386514,1.0792206002768059,1.09991,1.07795,1.07834,0,0
2024-03-03T07:00:00+0700,1.0839,1.09807,1.08324,1.09349,179857,0.01483000000000012,0.013360714285714297,0.01483000000000012,0.009589999999999987,0.0045800000000000285,0.000660000000000105,0.6911665542818617,1,0,,0,0,0,0,1.0839540644302084,1.0797801845796764,1.08878,1.06945,1.08365,0,0
2024-03-10T07:00:00+0700,1.09413,1.09633,1.08725,1.08878,169501,0.009079999999999977,0.012788571428571436,0.009079999999999977,0.005349999999999966,0.0021999999999999797,0.0015300000000000313,0.1685022026431757,0,0,,0,0,0,0,1.084413677341617,1.0801331185177283,1.08878,1.06945,1.08365,0,0
2024-03-17T07:00:00+0700,1.08896,1.0942,1.08013,1.08051,167603,0.014070000000000027,0.011882142857142857,0.014070000000000027,0.008449999999999847,0.0052400000000001334,0.00038000000000004697,0.027007818052597457,0,0,,0,0,0,0,1.0840418985471774,1.0801478981836998,1.08878,1.06945,1.08365,1,0
2024-03-24T07:00:00+0700,1.08047,1.08639,1.07675,1.07898,147814,0.009639999999999871,0.011508571428571424,0.009639999999999871,0.0014899999999999913,0.005919999999999925,0.0022299999999999542,0.23132780082987386,0,0,,0,0,0,0,1.0835598129712558,1.0801020982549274,1.08878,1.06945,1.08365,0,0
2024-03-31T07:00:00+0700,1.07825,1.08761,1.07242,1.08336,163202,0.015190000000000037,0.011603571428571427,0.015190000000000037,0.00511000000000017,0.004249999999999865,0.005830000000000002,0.7202106649111353,0,0,,0,0,0,0,1.0835407831644694,1.0802298591076753,1.08878,1.06945,1.08365,0,0
2024-04-07T07:00:00+0700,1.0833,1.08846,1.06221,1.06375,184151,0.026249999999999885,0.012283571428571425,0.026249999999999885,0.019549999999999956,0.005160000000000053,0.0015399999999998748,0.058666666666662155,1,0,BOS_DN,0,1,0,0,1.0816559466726152,1.0795835901230606,1.09807,1.07242,1.08336,0,0
2024-04-14T07:00:00+0700,1.063,1.06895,1.06007,1.06519,233591,0.008879999999999999,0.012282142857142861,0.008879999999999999,0.0021900000000001363,0.0037599999999999856,0.002929999999999877,0.5765765765765781,0,1,,0,0,0,0,1.0800877612752233,1.0790191356084309,1.09807,1.07242,1.08336,0,0
2024-04-21T07:00:00+0700,1.06474,1.07524,1.06235,1.06918,185065,0.012890000000000068,0.012325000000000015,0.012890000000000068,0.0044399999999999995,0.006059999999999954,0.0023900000000001143,0.5298681148176941,0,0,,0,0,0,0,1.0790489268680592,1.0786332871531985,1.09807,1.07242,1.08336,0,0
2024-04-28T07:00:00+0700,1.06873,1.08115,1.0648900000000001,1.07596,210666,0.01625999999999994,0.01263357142857145,0.01625999999999994,0.00723000000000007,0.005190000000000028,0.0038399999999998435,0.6808118081180783,0,0,,0,0,0,0,1.0787547433568154,1.078528452362877,1.09807,1.07242,1.08336,0,1
2024-05-05T07:00:00+0700,1.07582,1.07903,1.07235,1.07681,140730,0.006680000000000019,0.012271428571428584,0.006680000000000019,0.0009900000000000464,0.0022199999999998887,0.003470000000000084,0.6676646706587003,0,0,,0,0,0,0,1.0785695297037854,1.0784610620741368,1.08846,1.06007,1.07596,0,0
2024-05-12T07:00:00+0700,1.07672,1.08945,1.07653,1.08663,148284,0.012920000000000043,0.012679285714285735,0.012920000000000043,0.009910000000000085,0.0028200000000000447,0.00018999999999991246,0.7817337461300282,1,0,,0,0,0,0,1.0793371935415201,1.0787814125810335,1.08846,1.06007,1.07596,1,0
2024-05-19T07:00:00+0700,1.08649,1.0884,1.08044,1.08455,152587,0.007959999999999967,0.012457857142857156,0.007959999999999967,0.0019400000000000528,0.0019100000000000783,0.004109999999999836,0.5163316582914388,0,0,,0,0,0,0,1.0798336512994706,1.0790076316955028,1.08846,1.06007,1.07596,0,0
2024-05-26T07:00:00+0700,1.08429,1.08885,1.07878,1.08449,159188,0.010070000000000023,0.012272142857142858,0.010070000000000023,0.00019999999999997797,0.0043600000000001415,0.005509999999999904,0.5670307845084278,0,0,,0,0,0,0,1.0802771130804734,1.0792226265309735,1.08846,1.06007,1.07596,1,0
2024-06-02T07:00:00+0700,1.08437,1.09155,1.07992,1.08001,183757,0.01163000000000003,0.012596428571428573,0.01163000000000003,0.0043600000000001415,0.007179999999999964,8.999999999992347e-05,0.007738607050724269,1,0,,0,0,0,0,1.0802516737394758,1.0792535039219155,1.08945,1.07235,1.08449,1,0
2024-06-09T07:00:00+0700,1.07713,1.08518,1.06671,1.07013,199114,0.018469999999999986,0.012856428571428562,0.018469999999999986,0.006999999999999895,0.008050000000000113,0.0034199999999999786,0.18516513264753554,0,0,,0,0,0,0,1.0792877048119067,1.0788957194543896,1.08945,1.07235,1.08449,0,0
2024-06-16T07:00:00+0700,1.07022,1.0761,1.06706,1.06911,167628,0.009040000000000159,0.012853571428571433,0.009040000000000159,0.0011099999999999444,0.005880000000000107,0.0020500000000001073,0.22676991150443265,0,0,,0,0,0,0,1.0783183995917252,1.078511965750296,1.08945,1.07235,1.08449,0,0
2024-06-23T07:00:00+0700,1.06799,1.07459,1.06656,1.07104,176258,0.008029999999999982,0.012422142857142857,0.008029999999999982,0.003049999999999997,0.003549999999999942,0.0014300000000000423,0.5579078455790847,0,1,,0,0,0,0,1.0776252186782276,1.0782189474855786,1.08945,1.07235,1.08449,0,0
2024-06-30T07:00:00+0700,1.07426,1.08421,1.07095,1.08349,160684,0.013259999999999827,0.012680714285714283,0.013259999999999827,0.009230000000000071,0.0007199999999998319,0.003309999999999924,0.9457013574660753,0,0,,0,0,0,0,1.0781837692803011,1.0784256554273206,1.08945,1.07235,1.08449,0,1
2024-07-07T07:00:00+0700,1.07999,1.09109,1.07999,1.09049,174052,0.011099999999999888,0.012388571428571415,0.011099999999999888,0.010499999999999954,0.0005999999999999339,0.0,0.9459459459459514,0,0,,0,0,0,0,1.0793557912536058,1.0788987669791905,1.09155,1.06656,1.08349,0,0
2024-07-14T07:00:00+0700,1.08832,1.09476,1.08711,1.08794,176661,0.007649999999999935,0.01105999999999999,0.007649999999999935,0.00038000000000004697,0.006440000000000001,0.0008299999999998864,0.10849673202612986,1,0,,0,0,0,0,1.0801733349437386,1.0792533251368694,1.09155,1.06656,1.08349,1,0
2024-07-21T07:00:00+0700,1.08835,1.09022,1.08252,1.08536,174658,0.00770000000000004,0.01097571428571428,0.00770000000000004,0.002989999999999826,0.0018700000000000383,0.0028400000000001757,0.3688311688311897,0,0,,0,0,0,0,1.080667303044335,1.0794928025824826,1.09155,1.06656,1.08349,0,0
2024-07-28T07:00:00+0700,1.08528,1.09262,1.07771,1.09085,213475,0.014909999999999979,0.011119999999999988,0.014909999999999979,0.005570000000000075,0.0017699999999998273,0.007570000000000077,0.8812877263581603,0,1,,0,0,0,0,1.0816370837067795,1.0799381828733656,1.09155,1.06656,1.08349,1,0
2024-08-04T07:00:00+0700,1.09222,1.10082,1.08812,1.09111,277380,0.012699999999999934,0.010865714285714272,0.012699999999999934,0.0011099999999999444,0.008599999999999941,0.002990000000000048,0.23543307086614676,0,0,,0,0,0,0,1.0825392662108957,1.0803762933489198,1.09476,1.07771,1.09085,1,0
2024-08-11T07:00:00+0700,1.09132,1.10469,1.09096,1.10176,147726,0.01373000000000002,0.011369285714285702,0.01373000000000002,0.010440000000000005,0.002929999999999877,0.000360000000000138,0.7865986890021942,0,0,CHOCH_UP,0,0,1,0,1.0843698122860483,1.0812148700803348,1.09476,1.07771,1.09085,0,0
2024-08-18T07:00:00+0700,1.10264,1.12003,1.1022,1.11876,177030,0.01827000000000001,0.011751428571428555,0.017830000000000013,0.016119999999999912,0.0012700000000001044,0.00043999999999999595,0.9287717330342062,0,0,BOS_UP,1,0,0,0,1.0876450682588057,1.0826872281164002,1.09476,1.07771,1.09085,0,0
2024-08-25T07:00:00+0700,1.11839,1.12012,1.10431,1.10436,178541,0.015810000000000102,0.012312142857142851,0.015810000000000102,0.014029999999999987,0.0017300000000000093,5.0000000000105516e-05,0.0031625553447251864,1,0,,0,0,0,0,1.0892369665198718,1.0835371407392864,1.09476,1.07771,1.09085,0,0
2024-09-01T07:00:00+0700,1.10445,1.11549,1.10259,1.10818,179642,0.012900000000000134,0.012514285714285716,0.012900000000000134,0.003730000000000011,0.00731000000000015,0.0018599999999999728,0.4333333333333276,0,0,,0,0,0,0,1.0910410649465507,1.0845035273769614,1.12012,1.08812,1.10436,0,0
2024-09-08T07:00:00+0700,1.10757,1.11013,1.10016,1.10697,175086,0.009970000000000034,0.012395714285714288,0.009970000000000034,0.0005999999999999339,0.0025600000000001177,0.006809999999999983,0.6830491474423229,0,1,,0,0,0,0,1.0925581063802126,1.0853845655190415,1.12012,1.08812,1.10436,0,0
2024-09-15T07:00:00+0700,1.10742,1.11885,1.10681,1.1162,209189,0.012039999999999829,0.011936428571428561,0.012039999999999829,0.00878000000000001,0.002649999999999819,0.0006099999999999994,0.7799003322259255,0,0,,0,0,0,0,1.0948097152963827,1.0865930139300597,1.12012,1.08812,1.10436,0,0
2024-09-22T07:00:00+0700,1.11569,1.12134,1.10827,1.11606,213027,0.013069999999999915,0.012224285714285688,0.013069999999999915,0.00036999999999998145,0.005279999999999951,0.007419999999999982,0.5960214231063515,1,0,,0,0,0,0,1.0968335519348225,1.087748582011234,1.12012,1.08812,1.10436,1,0
2024-09-29T07:00:00+0700,1.11539,1.12084,1.09508,1.09646,220896,0.025760000000000005,0.01349071428571426,0.025760000000000005,0.018930000000000113,0.005449999999999955,0.0013799999999999368,0.05357142857142611,0,0,CHOCH_DN,0,0,0,1,1.0967979755600774,1.0880902062460878,1.12012,1.08812,1.10436,1,0
2024-10-06T07:00:00+0700,1.0959,1.09967,1.08998,1.09299,189576,0.009689999999999976,0.01323571428571427,0.009689999999999976,0.00291000000000019,0.003769999999999829,0.003009999999999957,0.31062951496387664,0,0,BOS_DN,0,1,0,0,1.0964353112210223,1.088282355020751,1.12134,1.09508,1.09646,0,0
2024-10-13T07:00:00+0700,1.09312,1.09362,1.08106,1.08652,157134,0.012560000000000127,0.013340000000000003,0.012560000000000127,0.006600000000000161,0.0004999999999999449,0.00546000000000002,0.4347133757961756,0,0,BOS_DN,0,1,0,0,1.0954909958666392,1.0882132430591531,1.12134,1.09508,1.09646,0,0
2024-10-20T07:00:00+0700,1.08601,1.0871,1.07608,1.07937,155681,0.01102000000000003,0.013580714285714295,0.01102000000000003,0.006639999999999979,0.0010900000000000354,0.003290000000000015,0.29854809437386626,0,0,BOS_DN,0,1,0,0,1.0939556629269593,1.0878664492136962,1.12134,1.09508,1.09646,0,0
2024-10-27T07:00:00+0700,1.07961,1.09053,1.07684,1.08325,195839,0.01368999999999998,0.014008571428571434,0.01368999999999998,0.0036400000000000876,0.007279999999999953,0.002769999999999939,0.4682249817384979,0,0,BOS_DN,0,1,0,0,1.0929360759815347,1.0876854119896298,1.12134,1.09508,1.09646,0,0
2024-11-03T07:00:00+0700,1.0876,1.09366,1.0682,1.07144,279149,0.025460000000000038,0.014762142857142866,0.025460000000000038,0.016159999999999952,0.006060000000000176,0.0032399999999999096,0.12725844461900648,1,0,BOS_DN,0,1,0,0,1.09088883064996,1.0870483370096444,1.09967,1.07608,1.08325,0,0
2024-11-10T07:00:00+0700,1.07035,1.07274,1.0496,1.05396,241216,0.02313999999999994,0.015507857142857153,0.02313999999999994,0.016389999999999905,0.0023900000000001143,0.0043599999999999195,0.18841832324978094,0,0,BOS_DN,0,1,0,0,1.0873717991594876,1.085750755166129,1.09967,1.07608,1.08325,0,0
2024-11-17T07:00:00+0700,1.05288,1.06093,1.03333,1.04141,235758,0.027599999999999847,0.016498571428571425,0.027599999999999847,0.011470000000000091,0.00804999999999989,0.008079999999999865,0.29275362318840253,0,1,,0,0,0,0,1.082994484953822,1.084011902022359,1.09967,1.07608,1.08325,0,0
2024-11-24T07:00:00+0700,1.04795,1.05968,1.04245,1.0574,263068,0.01827000000000001,0.016498571428571425,0.017229999999999857,0.009449999999999958,0.0022800000000000598,0.005499999999999838,0.8676726639582079,0,0,,0,0,0,0,1.08055691495822,1.0829682980214823,1.09967,1.07608,1.08325,0,0
2024-12-01T07:00:00+0700,1.05652,1.06292,1.04601,1.05668,259703,0.01690999999999998,0.016577142857142846,0.01690999999999998,0.00016000000000016001,0.006240000000000023,0.010509999999999797,0.6309875813128308,1,0,,0,0,0,0,1.0782829230574371,1.0819373843735811,1.09366,1.03333,1.0574,0,0
2024-12-08T07:00:00+0700,1.05591,1.0594,1.04527,1.04962,225099,0.014129999999999976,0.01666499999999998,0.014129999999999976,0.006289999999999907,0.003489999999999993,0.004350000000000076,0.30785562632696983,0,0,,0,0,0,0,1.0755531208614908,1.080670035966774,1.09366,1.03333,1.0574,0,0
2024-12-15T07:00:00+0700,1.04834,1.05339,1.03426,1.04281,241549,0.01913000000000009,0.017319285714285697,0.01913000000000009,0.005530000000000035,0.005049999999999999,0.008550000000000058,0.4469419759539998,0,0,,0,0,0,0,1.0724347283984916,1.0791853286739592,1.09366,1.03333,1.0574,0,0
2024-12-22T07:00:00+0700,1.0429599999999999,1.04449,1.03831,1.04201,121017,0.006179999999999852,0.01690071428571427,0.006179999999999852,0.0009499999999997844,0.0015300000000000313,0.0037000000000000366,0.5987055016181432,0,0,,0,0,0,0,1.069537135217683,1.0777274726475294,1.09366,1.03333,1.0574,0,0
2024-12-29T07:00:00+0700,1.04177,1.0458,1.02241,1.03058,158932,0.023390000000000022,0.017637857142857132,0.023390000000000022,0.011190000000000033,0.004029999999999978,0.00817000000000001,0.34929457032920064,0,0,BOS_DN,0,1,0,0,1.065826931863618,1.075878552151548,1.09366,1.03333,1.0574,0,0
2025-01-05T07:00:00+0700,1.03009,1.04363,1.02128,1.02403,236818,0.022350000000000092,0.017394285714285713,0.022350000000000092,0.006059999999999954,0.013540000000000108,0.00275000000000003,0.12304250559284201,0,0,BOS_DN,0,1,0,0,1.0618462716861305,1.0738452755965853,1.06292,1.02241,1.03058,0,1
2025-01-12T07:00:00+0700,1.02297,1.03538,1.01773,1.02647,237146,0.017649999999999944,0.017962857142857138,0.017649999999999944,0.0035000000000000586,0.008909999999999973,0.005239999999999911,0.495184135977337,0,1,,0,0,0,0,1.058477102954118,1.0719874216516212,1.06292,1.02241,1.03058,0,1
2025-01-19T07:00:00+0700,1.02775,1.0521,1.02659,1.04901,247538,0.02563000000000004,0.01889642857142856,0.025510000000000144,0.021260000000000057,0.003090000000000037,0.0011600000000000499,0.8788710309682469,0,0,,0,0,0,0,1.057575474101345,1.0710863462927342,1.06292,1.02241,1.03058,0,0
2025-01-26T07:00:00+0700,1.04737,1.05327,1.03496,1.03596,258378,0.018309999999999826,0.01941714285714283,0.018309999999999826,0.01140999999999992,0.005900000000000016,0.0009999999999998899,0.05461496450026758,1,0,,0,0,0,0,1.0555168575202645,1.0697088425165484,1.06292,1.02241,1.03058,0,0
2025-02-02T07:00:00+0700,1.02419,1.0442,1.02102,1.03261,273570,0.02317999999999998,0.020094999999999974,0.02317999999999998,0.008420000000000094,0.01158999999999999,0.003169999999999895,0.5,0,1,,0,0,0,0,1.0533352520421442,1.068253985947272,1.05327,1.01773,1.03596,0,0
2025-02-09T07:00:00+0700,1.02879,1.05138,1.02791,1.04899,219702,0.02346999999999988,0.019952857142857106,0.02346999999999988,0.020199999999999996,0.002389999999999892,0.0008799999999999919,0.898167873881555,0,0,,0,0,0,0,1.052921418514321,1.0674985355179671,1.05327,1.01773,1.03596,0,0
2025-02-16T07:00:00+0700,1.04834,1.05059,1.04003,1.04516,185820,0.010559999999999903,0.019054285714285673,0.010559999999999903,0.0031799999999999606,0.0022499999999998632,0.005130000000000079,0.48579545454546647,0,0,,0,0,0,0,1.0521822357986714,1.0666225145172625,1.05327,1.01773,1.03596,0,0
2025-02-23T07:00:00+0700,1.047,1.05282,1.03595,1.03711,234785,0.016870000000000163,0.018287857142857127,0.016870000000000163,0.009889999999999954,0.005820000000000158,0.0011600000000000499,0.06876111440427023,0,0,,0,0,0,0,1.0507467847702265,1.0654651610067816,1.05327,1.01773,1.03596,0,0
2025-03-02T07:00:00+0700,1.04025,1.08882,1.03882,1.08305,332721,0.05170999999999992,0.020676428571428547,0.04999999999999982,0.04280000000000017,0.005769999999999831,0.0014299999999998203,0.8846000000000029,0,0,CHOCH_UP,0,0,1,0,1.0538232814587762,1.0661547625359273,1.05282,1.02102,1.03711,0,0
2025-03-09T07:00:00+0700,1.08297,1.09467,1.08046,1.08742,269394,0.014210000000000056,0.02048357142857141,0.014210000000000056,0.004450000000000065,0.007249999999999979,0.0025100000000000122,0.4897959183673504,0,0,BOS_UP,1,0,0,0,1.0570229689388928,1.0669886934168713,1.05282,1.02102,1.03711,0,0
2025-03-16T07:00:00+0700,1.08743,1.09542,1.07971,1.08081,205486,0.015710000000000113,0.020596428571428564,0.015710000000000113,0.006619999999999848,0.007990000000000164,0.001100000000000101,0.07001909611712877,0,0,BOS_UP,1,0,0,0,1.0592884004685221,1.0675307054397392,1.05282,1.02102,1.03711,0,0
2025-03-23T07:00:00+0700,1.08116,1.08578,1.07325,1.08261,211126,0.01252999999999993,0.02012499999999998,0.01252999999999993,0.0014500000000001734,0.003169999999999895,0.007909999999999862,0.7470071827613797,0,1,BOS_UP,1,0,0,0,1.0615095051858057,1.0681220503244553,1.05282,1.02102,1.03711,0,0
2025-03-30T07:00:00+0700,1.08241,1.1145,1.0778,1.09626,340550,0.036699999999999955,0.022304999999999988,0.036699999999999955,0.013849999999999918,0.018240000000000034,0.004610000000000003,0.5029972752043581,0,0,BOS_UP,1,0,0,0,1.0648190761204908,1.0692254993313395,1.05282,1.02102,1.03711,0,0
2025-04-06T07:00:00+0700,1.08889,1.1473,1.08796,1.13583,562007,0.05933999999999995,0.024872857142857124,0.05933999999999995,0.04693999999999998,0.011470000000000091,0.0009299999999998754,0.8067071115604971,0,0,BOS_UP,1,0,0,0,1.0715820212518725,1.071837440534032,1.1145,1.03882,1.09626,0,0
2025-04-13T07:00:00+0700,1.13113,1.14241,1.12638,1.13904,353737,0.01602999999999999,0.024421428571428545,0.01602999999999999,0.007910000000000084,0.003369999999999873,0.004750000000000032,0.789769182782291,0,0,BOS_UP,1,0,0,0,1.078006590656456,1.0744728350228936,1.1145,1.03882,1.09626,0,0
2025-04-20T07:00:00+0700,1.13945,1.15728,1.13075,1.13614,317754,0.026530000000000165,0.025055714285714275,0.026530000000000165,0.003310000000000146,0.017830000000000013,0.005390000000000006,0.2031662269129277,1,0,,0,0,0,0,1.0835431058320317,1.0768911552180742,1.1145,1.03882,1.09626,0,0
2025-04-27T07:00:00+0700,1.13633,1.1424400000000001,1.12654,1.12992,271697,0.015900000000000025,0.024360714285714274,0.015900000000000025,0.006410000000000027,0.00611000000000006,0.0033799999999999386,0.21257861635219705,0,0,,0,0,0,0,1.0879599528956476,1.078970717758542,1.1145,1.03882,1.09626,0,0
2025-05-04T07:00:00+0700,1.13031,1.13806,1.11961,1.12454,280472,0.018450000000000077,0.024370714285714294,0.018450000000000077,0.005769999999999831,0.007750000000000146,0.004930000000000101,0.2672086720867252,0,0,,0,0,0,0,1.0914437669055859,1.0807577484346775,1.15728,1.08796,1.12992,0,0
2025-05-11T07:00:00+0700,1.11957,1.12654,1.10648,1.11611,283689,0.02006000000000019,0.024147857142857165,0.02006000000000019,0.0034600000000000186,0.006970000000000143,0.009630000000000027,0.4800598205383817,0,1,,0,0,0,0,1.0937929319621968,1.0821441112411607,1.15728,1.08796,1.12992,0,0
2025-05-18T07:00:00+0700,1.11742,1.13751,1.117,1.13561,265975,0.021400000000000086,0.02400000000000004,0.020510000000000028,0.01818999999999993,0.0019000000000000128,0.00042000000000008697,0.9073622623110673,0,0,,0,0,0,0,1.097775509870559,1.0842408127611152,1.15728,1.08796,1.12992,0,0
2025-05-25T07:00:00+0700,1.13639,1.14182,1.12101,1.13459,244332,0.020809999999999995,0.0247321428571429,0.020809999999999995,0.0018000000000000238,0.005430000000000046,0.013579999999999925,0.6525708793849077,0,0,,0,0,0,0,1.1012816517876487,1.086215290692052,1.15728,1.08796,1.12992,0,0
2025-06-01T07:00:00+0700,1.13435,1.14945,1.13427,1.13932,238547,0.015180000000000193,0.024611428571428617,0.015180000000000193,0.004970000000000141,0.010129999999999972,8.000000000008001e-05,0.3326745718050169,0,0,,0,0,0,0,1.1049043516173964,1.0882978283119715,1.14182,1.10648,1.13459,1,0
2025-06-08T07:00:00+0700,1.14028,1.16309,1.13725,1.15454,250808,0.025839999999999863,0.02276357142857147,0.025839999999999863,0.01425999999999994,0.008550000000000058,0.003029999999999866,0.6691176470588196,0,0,,0,0,0,0,1.1096315562252634,1.0908955605350314,1.14182,1.10648,1.13459,0,0
2025-06-15T07:00:00+0700,1.15308,1.1614200000000001,1.14459,1.15204,266630,0.016830000000000123,0.02295071428571433,0.016830000000000123,0.001040000000000152,0.008340000000000014,0.007449999999999957,0.44266191325014276,0,0,,0,0,0,0,1.113670455632381,1.0932933816905204,1.14182,1.10648,1.13459,0,0
2025-06-22T07:00:00+0700,1.14561,1.17532,1.14531,1.17146,274162,0.03000999999999987,0.023972142857142886,0.03000999999999987,0.02584999999999993,0.0038599999999999746,0.00029999999999996696,0.87137620793069,0,0,BOS_UP,1,0,0,0,1.1191742217626306,1.0963587392712844,1.14182,1.10648,1.13459,0,0
2025-06-29T07:00:00+0700,1.17285,1.18292,1.17073,1.17733,225259,0.012189999999999923,0.02394785714285717,0.012189999999999923,0.0044800000000000395,0.005589999999999984,0.0021199999999998997,0.5414273995077917,1,0,,0,0,0,0,1.1247128673090467,1.0995340828292732,1.14182,1.10648,1.13459,0,0
2025-07-06T07:00:00+0700,1.17811,1.17898,1.16622,1.16886,216054,0.012759999999999883,0.022237857142857167,0.012759999999999883,0.00924999999999998,0.0008699999999999264,0.0026399999999999757,0.20689655172413793,0,0,,0,0,0,0,1.1289173561367567,1.1022527462477332,1.18292,1.13427,1.17733,0,0
2025-07-13T07:00:00+0700,1.16665,1.17211,1.15566,1.16242,214293,0.016450000000000076,0.019174285714285748,0.016450000000000076,0.004229999999999956,0.00546000000000002,0.006760000000000099,0.41094224924012573,0,0,,0,0,0,0,1.1321080841237323,1.1046122463948809,1.18292,1.13427,1.17733,0,0
2025-07-20T07:00:00+0700,1.16247,1.17883,1.1614200000000001,1.174,206834,0.017409999999999926,0.01927285714285717,0.017409999999999926,0.01153000000000004,0.004830000000000112,0.0010499999999997733,0.7225732337736857,0,0,,0,0,0,0,1.1360977903976626,1.1073333347715524,1.18292,1.13427,1.17733,0,0
2025-07-27T07:00:00+0700,1.17586,1.17699,1.13912,1.15858,266805,0.03787000000000007,0.020082857142857163,0.03787000000000007,0.017279999999999962,0.0011300000000000754,0.019460000000000033,0.5138632162661737,0,1,,0,0,0,0,1.1382389532169328,1.109343007917766,1.18292,1.13427,1.17733,0,0
2025-08-03T07:00:00+0700,1.15907,1.16984,1.15272,1.16391,237638,0.017120000000000024,0.02017000000000002,0.017120000000000024,0.0048399999999999554,0.005929999999999991,0.006350000000000078,0.6536214953271038,0,0,,0,0,0,0,1.1406838148153202,1.1114828899602065,1.17898,1.13912,1.15858,0,0
2025-08-10T07:00:00+0700,1.16446,1.17298,1.15896,1.17029,208836,0.014019999999999921,0.01985357142857144,0.014019999999999921,0.005830000000000002,0.002689999999999859,0.00550000000000006,0.8081312410841744,0,0,,0,0,0,0,1.1435034514995754,1.1137890511382376,1.17898,1.13912,1.15858,0,0
2025-08-17T07:00:00+0700,1.171,1.17421,1.15825,1.17204,190715,0.015959999999999974,0.019560714285714282,0.015959999999999974,0.0010399999999999299,0.0021700000000000053,0.012750000000000039,0.8640350877192977,0,0,,0,0,0,0,1.1462212180234252,1.116073402073993,1.17898,1.13912,1.15858,0,0
2025-08-24T07:00:00+0700,1.1721,1.17255,1.15736,1.16836,194292,0.015190000000000037,0.01911714285714285,0.015190000000000037,0.0037399999999998546,0.00045000000000006146,0.01100000000000012,0.7241606319947396,0,1,,0,0,0,0,1.1483296734497657,1.1181238568946208,1.17898,1.13912,1.15858,0,0
2025-08-31T07:00:00+0700,1.16932,1.1759,1.16077,1.17166,205789,0.015129999999999866,0.018711428571428552,0.015129999999999866,0.0023400000000000087,0.0042400000000000215,0.008549999999999836,0.7197620621282181,0,0,,0,0,0,0,1.1505516093116928,1.1202233134869886,1.17898,1.13912,1.15858,0,0
2025-09-07T07:00:00+0700,1.1710099999999999,1.1779600000000001,1.16597,1.1733500000000001,210506,0.011990000000000167,0.018483571428571408,0.011990000000000167,0.002340000000000231,0.004610000000000003,0.005039999999999933,0.615512927439538,0,0,,0,0,0,0,1.152722884615341,1.122306712958087,1.1759,1.15272,1.17166,1,0
2025-09-14T07:00:00+0700,1.17269,1.1918,1.17158,1.17427,224999,0.020219999999999905,0.018082142857142842,0.020219999999999905,0.0015799999999999148,0.017530000000000046,0.0011099999999999444,0.13303659742828247,1,0,,0,0,0,0,1.1547749908424514,1.124344488920515,1.1759,1.15272,1.17166,1,0
2025-09-21T07:00:00+0700,1.17379,1.1819600000000001,1.16451,1.16986,206030,0.017450000000000188,0.01812642857142856,0.017450000000000188,0.003929999999999989,0.008170000000000233,0.005349999999999966,0.3065902578796509,0,0,,0,0,0,0,1.1562116583812654,1.1261294109236322,1.1759,1.15272,1.17166,1,0
2025-09-28T07:00:00+0700,1.16975,1.17782,1.16827,1.1740599999999999,203081,0.00955000000000017,0.01666500000000001,0.00955000000000017,0.004309999999999814,0.0037600000000002076,0.0014800000000001479,0.6062827225130742,0,0,,0,0,0,0,1.1579115004401923,1.1280090418678035,1.1759,1.15272,1.17166,1,0
2025-10-05T07:00:00+0700,1.1718600000000001,1.17303,1.15416,1.16173,226384,0.019899999999999807,0.017215714285714286,0.018869999999999942,0.010130000000000194,0.0011699999999998933,0.007569999999999855,0.40116587175410057,0,1,,0,0,0,0,1.1582751670649358,1.1293314323827917,1.1918,1.16451,1.1740599999999999,0,0
2025-10-12T07:00:00+0700,1.16106,1.17279,1.15419,1.16492,240034,0.01859999999999995,0.017632857142857148,0.01859999999999995,0.0038599999999999746,0.007870000000000044,0.006869999999999932,0.576881720430104,0,0,,0,0,0,0,1.1589080082968466,1.1307270624854273,1.1918,1.16451,1.1740599999999999,0,1
2025-10-19T07:00:00+0700,1.16621,1.1675,1.15764,1.16248,186142,0.00985999999999998,0.017162142857142855,0.00985999999999998,0.003730000000000011,0.0012900000000000134,0.0048399999999999554,0.4908722109533433,0,0,,0,0,0,0,1.159248197982861,1.1319722757212929,1.1918,1.16451,1.1740599999999999,0,0
2025-10-26T07:00:00+0700,1.16339,1.16683,1.15211,1.15347,192020,0.014720000000000066,0.01697000000000001,0.014720000000000066,0.009919999999999929,0.0034400000000001096,0.0013600000000000279,0.09239130434782757,0,0,CHOCH_DN,0,0,0,1,1.1586978934130647,1.1328153237322225,1.1918,1.16451,1.1740599999999999,0,0
2025-11-02T07:00:00+0700,1.15293,1.15906,1.14685,1.15637,166836,0.012210000000000054,0.015137142857142865,0.012210000000000054,0.0034399999999998876,0.002690000000000081,0.006080000000000085,0.779688779688774,0,1,,0,0,0,0,1.1584761892784872,1.1337390365270374,1.17303,1.15211,1.15347,0,1
2025-11-09T07:00:00+0700,1.15542,1.16556,1.15408,1.16196,177171,0.011479999999999935,0.014734285714285715,0.011479999999999935,0.006540000000000212,0.0035999999999998256,0.0013399999999998968,0.6864111498257974,0,0,,0,0,0,0,1.158807980775774,1.1348457409769577,1.17303,1.15211,1.15347,0,0
2025-11-16T07:00:00+0700,1.16121,1.1623999999999999,1.14907,1.15118,193316,0.013329999999999842,0.014684999999999995,0.013329999999999842,0.010029999999999983,0.0011899999999998023,0.0021100000000000563,0.15828957239310437,0,0,,0,0,0,0,1.1580815064161765,1.1354863001543318,1.17303,1.15211,1.15347,0,0
2025-11-23T07:00:00+0700,1.15103,1.16131,1.15014,1.15951,197812,0.011170000000000124,0.014342857142857149,0.011170000000000124,0.008480000000000043,0.0018000000000000238,0.0008900000000000574,0.8388540734109218,0,0,,0,0,0,0,1.1582175534241597,1.1364284060306327,1.17303,1.15211,1.15347,0,1
2025-11-30T07:00:00+0700,1.159,1.16815,1.15889,1.16419,170296,0.009260000000000046,0.01391928571428572,0.009260000000000046,0.005190000000000028,0.0039599999999999635,0.0001100000000000545,0.572354211663073,0,0,,0,0,0,0,1.158786357859954,1.1375170959902157,1.17303,1.15211,1.15347,0,0
2025-12-07T07:00:00+0700,1.16329,1.1762299999999999,1.16146,1.17385,189593,0.01476999999999995,0.013893571428571441,0.01476999999999995,0.010560000000000125,0.0023799999999998267,0.0018299999999999983,0.8388625592417174,0,0,,0,0,0,0,1.1602209904447203,1.1389419157553053,1.16815,1.14685,1.16419,0,0
2025-12-14T07:00:00+0700,1.17298,1.18035,1.17024,1.17068,190931,0.010110000000000063,0.01375928571428572,0.010110000000000063,0.0022999999999999687,0.007370000000000099,0.00043999999999999595,0.04352126607319418,0,0,,0,0,0,0,1.161217086592842,1.1401865465099992,1.16815,1.14685,1.16419,0,0
2025-12-21T07:00:00+0700,1.17139,1.18075,1.17056,1.17695,143263,0.010189999999999921,0.01304285714285715,0.010189999999999921,0.005560000000000009,0.0038000000000000256,0.0008299999999998864,0.6270853778213882,1,0,,0,0,0,0,1.1627154592982856,1.1416282505684305,1.16815,1.14685,1.16419,0,0
2025-12-28T07:00:00+0700,1.17633,1.17886,1.17129,1.17183,130588,0.007570000000000077,0.012337142857142856,0.007570000000000077,0.0045000000000001705,0.002529999999999921,0.0005399999999999849,0.0713342140026393,0,0,,0,0,0,0,1.163583510793687,1.1428126328990804,1.16815,1.14685,1.16419,0,0
2026-01-04T07:00:00+0700,1.17185,1.17424,1.16177,1.16317,181161,0.012469999999999981,0.012545714285714271,0.012469999999999981,0.008680000000000021,0.002389999999999892,0.0014000000000000679,0.11226944667201844,0,0,,0,0,0,0,1.163544128813336,1.143610961020685,1.18075,1.16146,1.17183,0,0
2026-01-11T07:00:00+0700,1.16268,1.16981,1.15841,1.15972,173229,0.011400000000000077,0.011938571428571434,0.011400000000000077,0.0029599999999998516,0.007130000000000081,0.0013100000000001444,0.11491228070176628,0,0,,0,0,0,0,1.1631799260692086,1.1442426880394816,1.18075,1.16146,1.17183,0,0
2026-01-18T07:00:00+0700,1.15786,1.18332,1.15767,1.18273,207520,0.02564999999999995,0.012442142857142862,0.02564999999999995,0.02487000000000017,0.0005899999999998684,0.00018999999999991246,0.9769980506822663,0,1,CHOCH_UP,0,0,1,0,1.1650418378721412,1.1457519943908745,1.18075,1.16146,1.17183,0,1
2026-01-25T07:00:00+0700,1.1859899999999999,1.20819,1.1834500000000001,1.1849,333748,0.025460000000000038,0.01355642857142858,0.024739999999999984,0.0010899999999998133,0.02220000000000022,0.0014499999999999513,0.058609539207758785,0,0,BOS_UP,1,0,0,0,1.1669330914081277,1.1472872102971148,1.18075,1.16146,1.17183,0,0
2026-02-01T07:00:00+0700,1.1849,1.18743,1.17755,1.17932,193287,0.009879999999999889,0.013210714285714282,0.009879999999999889,0.00558000000000014,0.002529999999999921,0.0017699999999998273,0.17914979757083474,0,0,,0,0,0,0,1.168112796988306,1.1485433981286004,1.20819,1.15767,1.1849,0,0
