time_utc,open,high,low,close,tick_volume,spread,real_volume
2024-11-19T00:00:00Z,1.05969,1.06005,1.05235,1.05929,50215,10,0
2024-11-20T00:00:00Z,1.05928,1.06093,1.05063,1.05422,41168,10,0
2024-11-21T00:00:00Z,1.05422,1.05544,1.04617,1.0473,47528,10,0
2024-11-22T00:00:00Z,1.04729,1.04974,1.03333,1.04141,54028,10,0
2024-11-25T00:00:00Z,1.04795,1.05297,1.04486,1.0492,55672,10,0
2024-11-26T00:00:00Z,1.0492,1.05443,1.04245,1.04808,61593,10,0
2024-11-27T00:00:00Z,1.04808,1.05872,1.04739,1.05643,55150,10,0
2024-11-28T00:00:00Z,1.05643,1.05691,1.05271,1.05464,35565,10,0
2024-11-29T00:00:00Z,1.05464,1.05968,1.0541,1.0574,55088,10,0
2024-12-02T00:00:00Z,1.05652,1.05691,1.04601,1.04962,60942,10,0
2024-12-03T00:00:00Z,1.04962,1.05346,1.04803,1.05049,51445,10,0
2024-12-04T00:00:00Z,1.0505,1.05437,1.04719,1.05074,55624,10,0
2024-12-05T00:00:00Z,1.0508,1.05891,1.05046,1.05827,45547,10,0
2024-12-06T00:00:00Z,1.05827,1.06292,1.05418,1.05668,46145,10,0
2024-12-09T00:00:00Z,1.05591,1.0594,1.05316,1.05521,41272,10,0
2024-12-10T00:00:00Z,1.05521,1.05676,1.0498,1.0526200000000001,41004,10,0
2024-12-11T00:00:00Z,1.0526200000000001,1.05389,1.04798,1.04922,48783,10,0
2024-12-12T00:00:00Z,1.04922,1.05304,1.04633,1.04648,51277,10,0
2024-12-13T00:00:00Z,1.04648,1.05237,1.04527,1.04962,42763,10,0
2024-12-16T00:00:00Z,1.04834,1.05243,1.04742,1.05092,39647,10,0
2024-12-17T00:00:00Z,1.05092,1.05339,1.04787,1.04898,41337,10,0
2024-12-18T00:00:00Z,1.04898,1.0512299999999999,1.03437,1.03509,49069,10,0
2024-12-19T00:00:00Z,1.03509,1.04219,1.03465,1.03609,60353,10,0
2024-12-20T00:00:00Z,1.03578,1.0447,1.03426,1.04281,51143,10,0
2024-12-23T00:00:00Z,1.0429599999999999,1.04449,1.03837,1.04039,35865,10,0
2024-12-24T00:00:00Z,1.04039,1.04096,1.03831,1.03895,26436,10,0
2024-12-26T00:00:00Z,1.03947,1.04294,1.039,1.04149,24710,10,0
2024-12-27T00:00:00Z,1.04148,1.0443500000000001,1.04046,1.04201,34006,10,0
2024-12-30T00:00:00Z,1.04177,1.0458,1.03713,1.04057,35942,10,0
2024-12-31T00:00:00Z,1.04057,1.0424,1.03434,1.0352,38896,10,0
2025-01-02T00:00:00Z,1.03504,1.03751,1.02241,1.02563,47303,10,0
2025-01-03T00:00:00Z,1.02563,1.03094,1.02546,1.03058,36791,10,0
2025-01-06T00:00:00Z,1.03009,1.04363,1.02949,1.03883,55031,10,0
2025-01-07T00:00:00Z,1.03879,1.04339,1.03385,1.0339,47569,10,0
2025-01-08T00:00:00Z,1.0339,1.03572,1.02726,1.03171,50153,10,0
2025-01-09T00:00:00Z,1.03171,1.0321,1.02832,1.02981,35682,10,0
2025-01-10T00:00:00Z,1.02981,1.03114,1.02128,1.02403,48383,10,0
2025-01-13T00:00:00Z,1.02297,1.02494,1.01773,1.02433,48704,10,0
2025-01-14T00:00:00Z,1.02433,1.03082,1.02381,1.03066,51266,10,0
2025-01-15T00:00:00Z,1.03066,1.03538,1.02587,1.02872,44496,2,0
2025-01-16T00:00:00Z,1.02872,1.03146,1.02602,1.02953,48713,10,0
2025-01-17T00:00:00Z,1.02941,1.03301,1.02644,1.02647,43967,10,0
2025-01-20T00:00:00Z,1.02775,1.04338,1.02659,1.04146,48803,10,0
2025-01-21T00:00:00Z,1.04146,1.04349,1.03415,1.04241,58578,10,0
2025-01-22T00:00:00Z,1.04251,1.04568,1.03917,1.04075,45248,10,0
2025-01-23T00:00:00Z,1.04072,1.0437400000000001,1.03717,1.04141,45004,10,0
2025-01-24T00:00:00Z,1.04141,1.0521,1.04111,1.04901,49905,10,0
2025-01-27T00:00:00Z,1.04737,1.05327,1.04535,1.04905,54136,10,0
2025-01-28T00:00:00Z,1.04905,1.04922,1.04133,1.04289,48738,10,0
2025-01-29T00:00:00Z,1.04289,1.04432,1.03819,1.04198,49619,10,0
2025-01-30T00:00:00Z,1.04198,1.04674,1.03857,1.0387,47932,10,0
2025-01-31T00:00:00Z,1.0387,1.04335,1.03496,1.03596,57953,10,0
2025-02-03T00:00:00Z,1.02419,1.03494,1.02102,1.03429,81344,10,0
2025-02-04T00:00:00Z,1.03429,1.03871,1.02718,1.03776,52375,10,0
2025-02-05T00:00:00Z,1.03776,1.0442,1.03693,1.04009,47317,10,0
2025-02-06T00:00:00Z,1.04009,1.0405,1.03521,1.03821,42953,10,0
2025-02-07T00:00:00Z,1.03821,1.04118,1.03046,1.03261,49581,10,0
2025-02-10T00:00:00Z,1.02879,1.0336,1.02791,1.03055,37201,10,0
2025-02-11T00:00:00Z,1.03055,1.03805,1.02916,1.03599,35503,10,0
2025-02-12T00:00:00Z,1.03599,1.04293,1.03167,1.0381,49933,10,0
2025-02-13T00:00:00Z,1.0381,1.04665,1.03726,1.04625,54938,1,0
2025-02-14T00:00:00Z,1.04625,1.05138,1.04468,1.04899,42127,10,0
2025-02-17T00:00:00Z,1.04834,1.05059,1.04666,1.04827,28917,10,0
2025-02-18T00:00:00Z,1.04826,1.04858,1.04347,1.04444,35422,10,0
2025-02-19T00:00:00Z,1.04444,1.04609,1.04003,1.04212,38438,10,0
2025-02-20T00:00:00Z,1.04208,1.0503,1.04157,1.04999,40904,10,0
2025-02-21T00:00:00Z,1.04996,1.05052,1.0449,1.04516,42139,10,0
2025-02-24T00:00:00Z,1.047,1.05278,1.04524,1.04664,48668,4,0
2025-02-25T00:00:00Z,1.04664,1.05189,1.04558,1.05118,44388,10,0
2025-02-26T00:00:00Z,1.05118,1.05282,1.04745,1.0483,46650,10,0
2025-02-27T00:00:00Z,1.04827,1.04921,1.0396,1.03966,45226,10,0
2025-02-28T00:00:00Z,1.03966,1.04195,1.03595,1.03711,49853,10,0
2025-03-03T00:00:00Z,1.04025,1.05032,1.03882,1.04848,53509,10,0
2025-03-04T00:00:00Z,1.04848,1.06268,1.04706,1.06246,68725,10,0
2025-03-05T00:00:00Z,1.06247,1.07962,1.06016,1.07871,74310,10,0
2025-03-06T00:00:00Z,1.07871,1.0853,1.07652,1.07797,72769,10,0
2025-03-07T00:00:00Z,1.07795,1.08882,1.0778699999999999,1.08305,63408,10,0
2025-03-10T00:00:00Z,1.08297,1.08742,1.08046,1.08333,58090,10,0
2025-03-11T00:00:00Z,1.08333,1.09467,1.0826500000000001,1.09174,58906,10,0
2025-03-12T00:00:00Z,1.09174,1.09308,1.08752,1.08864,52937,10,0
2025-03-13T00:00:00Z,1.08863,1.08967,1.08221,1.08512,49809,10,0
2025-03-14T00:00:00Z,1.08511,1.09121,1.08302,1.08742,49652,10,0
2025-03-17T00:00:00Z,1.08743,1.0929,1.08681,1.09213,40265,10,0
2025-03-18T00:00:00Z,1.09212,1.09542,1.08921,1.09429,39163,10,0
2025-03-19T00:00:00Z,1.09432,1.09456,1.08601,1.09011,44288,10,0
2025-03-20T00:00:00Z,1.09011,1.09169,1.08142,1.08477,41931,10,0
2025-03-21T00:00:00Z,1.08486,1.08608,1.07971,1.08081,39839,10,0
2025-03-24T00:00:00Z,1.08116,1.08578,1.07812,1.07997,42900,10,0
2025-03-25T00:00:00Z,1.07998,1.08297,1.07765,1.07908,39582,10,0
2025-03-26T00:00:00Z,1.07898,1.08023,1.07435,1.0751,42185,10,0
2025-03-27T00:00:00Z,1.07551,1.08207,1.07325,1.08005,45811,10,0
2025-03-28T00:00:00Z,1.07976,1.08443,1.07642,1.08261,40648,10,0
2025-03-31T00:00:00Z,1.08241,1.08489,1.07837,1.08134,48066,10,0
2025-04-01T00:00:00Z,1.08169,1.08297,1.0778,1.07907,43331,10,0
2025-04-02T00:00:00Z,1.07892,1.09239,1.07798,1.08592,45527,10,0
2025-04-03T00:00:00Z,1.08476,1.1145,1.08047,1.10499,94583,10,0
2025-04-04T00:00:00Z,1.1049,1.11072,1.09241,1.09626,109043,10,0
2025-04-07T00:00:00Z,1.08889,1.10495,1.08796,1.09038,122790,10,0
2025-04-08T00:00:00Z,1.09026,1.09914,1.0888,1.09567,90170,10,0
2025-04-09T00:00:00Z,1.09525,1.10947,1.09129,1.09463,123970,10,0
2025-04-10T00:00:00Z,1.09474,1.1241,1.09427,1.12003,100791,10,0
2025-04-11T00:00:00Z,1.11925,1.1473,1.11801,1.13583,124286,10,0
2025-04-14T00:00:00Z,1.13113,1.14241,1.12955,1.13483,84891,10,0
2025-04-15T00:00:00Z,1.13442,1.13784,1.12638,1.12797,65455,10,0
2025-04-16T00:00:00Z,1.12801,1.14123,1.1279,1.13971,74697,10,0
2025-04-17T00:00:00Z,1.13973,1.14089,1.13347,1.13603,62033,10,0
2025-04-18T00:00:00Z,1.13585,1.13971,1.13564,1.13904,66661,10,0
2025-04-21T00:00:00Z,1.13945,1.15728,1.13819,1.1510799999999999,62186,10,0
2025-04-22T00:00:00Z,1.15077,1.15468,1.14172,1.14193,66928,10,0
2025-04-23T00:00:00Z,1.14212,1.14394,1.13075,1.13133,79811,10,0
2025-04-24T00:00:00Z,1.1314,1.13973,1.13132,1.13875,56229,10,0
2025-04-25T00:00:00Z,1.1383,1.1391,1.13153,1.13614,52600,10,0
2025-04-28T00:00:00Z,1.13633,1.1424400000000001,1.1329,1.14201,50678,10,0
2025-04-29T00:00:00Z,1.14199,1.14215,1.1369799999999999,1.13817,53855,10,0
2025-04-30T00:00:00Z,1.13864,1.13989,1.13167,1.13277,56533,10,0
2025-05-01T00:00:00Z,1.13245,1.13405,1.12654,1.12886,50197,10,0
2025-05-02T00:00:00Z,1.12855,1.13805,1.12738,1.12992,60434,10,0
2025-05-05T00:00:00Z,1.13031,1.13644,1.12919,1.13134,52680,10,0
2025-05-06T00:00:00Z,1.13134,1.13806,1.12794,1.13663,53235,10,0
2025-05-07T00:00:00Z,1.13633,1.13773,1.12913,1.12985,64587,10,0
2025-05-08T00:00:00Z,1.13,1.13357,1.12115,1.12263,62161,10,0
2025-05-09T00:00:00Z,1.1221700000000001,1.12926,1.11961,1.12454,47809,10,0
2025-05-12T00:00:00Z,1.11957,1.12423,1.10648,1.1085,70536,10,0
2025-05-13T00:00:00Z,1.10873,1.11942,1.10845,1.11836,54465,10,0
2025-05-14T00:00:00Z,1.11844,1.12654,1.11639,1.11708,60356,10,0
2025-05-15T00:00:00Z,1.11769,1.12274,1.11699,1.11807,51539,10,0
2025-05-16T00:00:00Z,1.11855,1.12192,1.11306,1.11611,46793,10,0
2025-05-19T00:00:00Z,1.11742,1.12877,1.117,1.12397,53550,10,0
2025-05-20T00:00:00Z,1.12329,1.12845,1.12176,1.1283,47868,10,0
2025-05-21T00:00:00Z,1.1280999999999999,1.13623,1.1279,1.1329500000000001,55064,10,0
2025-05-22T00:00:00Z,1.13229,1.13443,1.12554,1.12775,56506,10,0
2025-05-23T00:00:00Z,1.12787,1.13751,1.12776,1.13561,52987,10,0
2025-05-26T00:00:00Z,1.13639,1.14182,1.13603,1.13856,35182,10,0
2025-05-27T00:00:00Z,1.138,1.14067,1.13228,1.13267,45757,10,0
2025-05-28T00:00:00Z,1.13233,1.13445,1.1283400000000001,1.12903,48100,10,0
2025-05-29T00:00:00Z,1.12906,1.1384,1.12101,1.13649,60157,10,0
2025-05-30T00:00:00Z,1.13666,1.13893,1.13122,1.13459,55136,10,0
2025-06-02T00:00:00Z,1.13435,1.14493,1.13427,1.1442,50506,10,0
2025-06-03T00:00:00Z,1.14379,1.14541,1.13638,1.13695,44110,10,0
2025-06-04T00:00:00Z,1.13717,1.1434,1.1356600000000001,1.14157,46199,10,0
2025-06-05T00:00:00Z,1.14138,1.14945,1.14042,1.14428,51493,10,0
2025-06-06T00:00:00Z,1.1442700000000001,1.14568,1.13712,1.13932,46239,10,0
2025-06-09T00:00:00Z,1.14028,1.14388,1.13861,1.1419,33978,10,0
2025-06-10T00:00:00Z,1.14199,1.14471,1.13725,1.14238,43273,10,0
2025-06-11T00:00:00Z,1.14223,1.1499,1.14049,1.14872,47160,10,0
2025-06-12T00:00:00Z,1.14841,1.16309,1.14833,1.15838,55778,10,0
2025-06-13T00:00:00Z,1.15789,1.16139,1.14885,1.15454,70619,10,0
2025-06-16T00:00:00Z,1.15308,1.1614200000000001,1.15233,1.15592,56271,10,0
2025-06-17T00:00:00Z,1.15581,1.15796,1.1474199999999999,1.1479,57018,10,0
2025-06-18T00:00:00Z,1.14747,1.15298,1.14605,1.14819,57772,10,0
2025-06-19T00:00:00Z,1.14736,1.14995,1.14459,1.14958,45724,10,0
2025-06-20T00:00:00Z,1.14903,1.15435,1.14899,1.15204,49845,10,0
2025-06-23T00:00:00Z,1.14561,1.15812,1.14531,1.1577,66778,10,0
2025-06-24T00:00:00Z,1.15774,1.16413,1.15721,1.16073,58817,10,0
2025-06-25T00:00:00Z,1.1605699999999999,1.16646,1.15896,1.16585,43169,10,0
2025-06-26T00:00:00Z,1.16545,1.17444,1.16527,1.17004,54913,10,0
2025-06-27T00:00:00Z,1.16987,1.17532,1.16805,1.17146,50485,10,0
2025-06-30T00:00:00Z,1.17285,1.17869,1.17073,1.17864,48858,10,0
2025-07-01T00:00:00Z,1.1781,1.18292,1.17609,1.18041,48305,10,0
2025-07-02T00:00:00Z,1.18002,1.18094,1.17465,1.1797900000000001,46228,10,0
2025-07-03T00:00:00Z,1.17946,1.18095,1.1717,1.1756,42420,10,0
2025-07-04T00:00:00Z,1.17577,1.1787,1.17515,1.17733,39448,10,0
2025-07-07T00:00:00Z,1.17811,1.17898,1.16865,1.1707,44977,10,0
2025-07-08T00:00:00Z,1.17071,1.17647,1.16822,1.1724,46059,10,0
2025-07-09T00:00:00Z,1.1718600000000001,1.17288,1.16892,1.1721,42201,10,0
2025-07-10T00:00:00Z,1.1715,1.1749100000000001,1.16622,1.16992,37602,10,0
2025-07-11T00:00:00Z,1.1696900000000001,1.17135,1.16642,1.16886,45215,10,0
2025-07-14T00:00:00Z,1.16665,1.16972,1.16538,1.1663999999999999,40450,10,0
2025-07-15T00:00:00Z,1.16617,1.16923,1.15924,1.16013,41142,10,0
2025-07-16T00:00:00Z,1.15977,1.17211,1.15619,1.16387,52659,10,0
2025-07-17T00:00:00Z,1.16329,1.16419,1.15566,1.15964,40503,10,0
2025-07-18T00:00:00Z,1.15928,1.16716,1.15923,1.16242,39539,10,0
2025-07-21T00:00:00Z,1.16247,1.17163,1.1614200000000001,1.16946,38065,10,0
2025-07-22T00:00:00Z,1.16896,1.176,1.16784,1.17529,36810,10,0
2025-07-23T00:00:00Z,1.17529,1.17747,1.17104,1.17718,44992,10,0
2025-07-24T00:00:00Z,1.17671,1.17883,1.17301,1.17475,43123,10,0
2025-07-25T00:00:00Z,1.17346,1.17604,1.17028,1.174,43844,10,0
2025-07-28T00:00:00Z,1.17586,1.17699,1.1584,1.1587399999999999,48957,10,0
2025-07-29T00:00:00Z,1.15886,1.15987,1.15184,1.15441,49031,10,0
2025-07-30T00:00:00Z,1.15458,1.15723,1.13997,1.14023,53780,10,0
2025-07-31T00:00:00Z,1.14032,1.14605,1.14026,1.14134,50914,10,0
2025-08-01T00:00:00Z,1.14147,1.15965,1.13912,1.15858,64123,10,0
2025-08-04T00:00:00Z,1.15907,1.15951,1.15492,1.15711,54006,10,0
2025-08-05T00:00:00Z,1.15666,1.1587399999999999,1.15272,1.15736,47342,10,0
2025-08-06T00:00:00Z,1.15711,1.16681,1.15639,1.16587,42548,10,0
2025-08-07T00:00:00Z,1.16529,1.16984,1.16105,1.16628,49191,10,0
2025-08-08T00:00:00Z,1.16607,1.16789,1.16284,1.16391,44551,10,0
2025-08-11T00:00:00Z,1.16446,1.1675,1.15896,1.16148,36288,10,0
2025-08-12T00:00:00Z,1.16076,1.1696900000000001,1.15982,1.16718,50701,10,0
2025-08-13T00:00:00Z,1.16685,1.17298,1.16684,1.17032,38291,10,0
2025-08-14T00:00:00Z,1.17013,1.17146,1.16306,1.1647,45984,10,0
2025-08-15T00:00:00Z,1.1648100000000001,1.17147,1.1645699999999999,1.17029,37572,10,0
2025-08-18T00:00:00Z,1.171,1.17149,1.16555,1.16599,34452,10,0
2025-08-19T00:00:00Z,1.16597,1.16925,1.16387,1.16454,34736,0,0
2025-08-20T00:00:00Z,1.16428,1.16732,1.16218,1.16491,39407,10,0
2025-08-21T00:00:00Z,1.1649,1.16623,1.16007,1.16052,39813,10,0
2025-08-22T00:00:00Z,1.16042,1.17421,1.15825,1.17204,42307,10,0
2025-08-25T00:00:00Z,1.1721,1.17255,1.16023,1.16183,34353,10,0
2025-08-26T00:00:00Z,1.1617,1.16648,1.16018,1.16395,46479,10,0
2025-08-27T00:00:00Z,1.16419,1.16471,1.15736,1.16361,37382,10,0
2025-08-28T00:00:00Z,1.16336,1.1696900000000001,1.16287,1.16812,37903,10,0
2025-08-29T00:00:00Z,1.16798,1.17085,1.16504,1.16836,38175,10,0
2025-09-01T00:00:00Z,1.16932,1.17361,1.1685699999999999,1.171,29480,10,0
2025-09-02T00:00:00Z,1.17072,1.17178,1.16125,1.16403,50430,10,0
2025-09-03T00:00:00Z,1.1638600000000001,1.16816,1.16077,1.166,40446,10,0
2025-09-04T00:00:00Z,1.16572,1.1669,1.16295,1.16495,39072,10,0
2025-09-05T00:00:00Z,1.16454,1.1759,1.16454,1.17166,46361,10,0
2025-09-08T00:00:00Z,1.1710099999999999,1.17649,1.17031,1.17616,39986,10,0
2025-09-09T00:00:00Z,1.17595,1.1779600000000001,1.17033,1.17084,43636,10,0
2025-09-10T00:00:00Z,1.1703999999999999,1.17298,1.16822,1.1693500000000001,42513,10,0
2025-09-11T00:00:00Z,1.16936,1.17455,1.16597,1.17346,45834,10,0
2025-09-12T00:00:00Z,1.17314,1.17471,1.1701,1.1733500000000001,38537,10,0
2025-09-15T00:00:00Z,1.17269,1.1774,1.17158,1.17599,33887,10,0
2025-09-16T00:00:00Z,1.17605,1.1877900000000001,1.17569,1.1865700000000001,46784,10,0
2025-09-17T00:00:00Z,1.18652,1.1918,1.1807400000000001,1.18121,46889,10,0
2025-09-18T00:00:00Z,1.181,1.18478,1.17497,1.17847,51207,10,0
2025-09-19T00:00:00Z,1.17822,1.1792,1.17283,1.17427,46232,10,0
2025-09-22T00:00:00Z,1.17379,1.18023,1.17256,1.18008,36067,10,0
2025-09-23T00:00:00Z,1.17937,1.1819600000000001,1.17777,1.18132,41796,10,0
2025-09-24T00:00:00Z,1.18113,1.18185,1.17276,1.1737,41461,10,0
2025-09-25T00:00:00Z,1.17367,1.17535,1.16451,1.16642,44746,10,0
2025-09-26T00:00:00Z,1.16564,1.1706699999999999,1.16564,1.16986,41960,10,0
2025-09-29T00:00:00Z,1.16975,1.1754,1.16975,1.17256,37245,10,0
2025-09-30T00:00:00Z,1.17233,1.1761,1.17117,1.17324,41193,10,0
2025-10-01T00:00:00Z,1.17319,1.17782,1.17151,1.17294,49831,10,0
2025-10-02T00:00:00Z,1.17275,1.17577,1.16827,1.17148,39029,10,0
2025-10-03T00:00:00Z,1.1713,1.17586,1.17129,1.1740599999999999,35783,10,0
2025-10-06T00:00:00Z,1.1718600000000001,1.17303,1.16514,1.17111,46613,10,0
2025-10-07T00:00:00Z,1.17062,1.17141,1.16472,1.16564,39023,10,0
2025-10-08T00:00:00Z,1.16564,1.16607,1.1598,1.16272,43074,10,0
2025-10-09T00:00:00Z,1.16226,1.16476,1.15416,1.15629,50286,10,0
2025-10-10T00:00:00Z,1.15527,1.1630099999999999,1.15527,1.16173,47388,10,0
2025-10-13T00:00:00Z,1.16106,1.16293,1.15571,1.1569,43319,10,0
2025-10-14T00:00:00Z,1.15668,1.16143,1.15419,1.16066,53082,10,0
2025-10-15T00:00:00Z,1.16048,1.16472,1.16013,1.16458,43536,10,0
2025-10-16T00:00:00Z,1.16419,1.16936,1.16406,1.16861,49328,10,0
2025-10-17T00:00:00Z,1.16821,1.17279,1.16491,1.16492,50769,10,0
2025-10-20T00:00:00Z,1.16621,1.1675,1.16378,1.16397,37262,10,0
2025-10-21T00:00:00Z,1.16397,1.16547,1.15973,1.15982,43303,10,0
2025-10-22T00:00:00Z,1.15982,1.1622,1.15764,1.1608100000000001,37917,10,0
2025-10-23T00:00:00Z,1.16072,1.16196,1.1585,1.16166,31264,10,0
2025-10-24T00:00:00Z,1.1614,1.16475,1.16004,1.16248,36396,10,0
2025-10-27T00:00:00Z,1.16339,1.16516,1.16172,1.16428,31915,10,0
2025-10-28T00:00:00Z,1.16429,1.16683,1.16251,1.16506,35539,10,0
2025-10-29T00:00:00Z,1.16496,1.16655,1.15772,1.15994,44610,10,0
2025-10-30T00:00:00Z,1.15997,1.16369,1.15466,1.15635,44710,10,0
2025-10-31T00:00:00Z,1.15632,1.15771,1.15211,1.15347,35246,10,0
2025-11-03T00:00:00Z,1.15293,1.15408,1.1504699999999999,1.15176,33246,1,0
2025-11-04T00:00:00Z,1.15164,1.15331,1.14727,1.14812,34202,10,0
2025-11-05T00:00:00Z,1.14808,1.14975,1.14685,1.1491500000000001,32760,10,0
2025-11-06T00:00:00Z,1.149,1.15518,1.14889,1.15459,33481,10,0
2025-11-07T00:00:00Z,1.15414,1.15906,1.1529099999999999,1.15637,33147,10,0
2025-11-10T00:00:00Z,1.15542,1.15825,1.15408,1.1556,33230,10,0
2025-11-11T00:00:00Z,1.15526,1.16053,1.15467,1.15808,31329,10,0
2025-11-12T00:00:00Z,1.15831,1.15973,1.15626,1.15916,30887,10,0
2025-11-13T00:00:00Z,1.15907,1.16556,1.15785,1.16328,38524,10,0
2025-11-14T00:00:00Z,1.1629,1.16534,1.16058,1.16196,43201,10,0
2025-11-17T00:00:00Z,1.16121,1.1623999999999999,1.15814,1.1590799999999999,31291,10,0
2025-11-18T00:00:00Z,1.15888,1.16074,1.15711,1.15791,36155,10,0
2025-11-19T00:00:00Z,1.15744,1.15968,1.15176,1.15371,38814,10,0
2025-11-20T00:00:00Z,1.15367,1.15495,1.15014,1.15271,42724,10,0
2025-11-21T00:00:00Z,1.15236,1.1552,1.14907,1.15118,44332,10,0
2025-11-24T00:00:00Z,1.15103,1.155,1.15014,1.15199,31031,10,0
2025-11-25T00:00:00Z,1.15176,1.15856,1.15112,1.15682,38510,10,0
2025-11-26T00:00:00Z,1.1567,1.16004,1.15467,1.15958,43783,10,0
2025-11-27T00:00:00Z,1.15882,1.16131,1.15761,1.15944,24861,10,0
2025-11-28T00:00:00Z,1.15917,1.16071,1.15546,1.15951,59627,10,0
2025-12-01T00:00:00Z,1.159,1.16515,1.15889,1.16075,40823,10,0
2025-12-02T00:00:00Z,1.16068,1.16254,1.1590799999999999,1.16236,31070,10,0
2025-12-03T00:00:00Z,1.1620300000000001,1.16771,1.16174,1.16698,32980,10,0
2025-12-04T00:00:00Z,1.16645,1.16815,1.16406,1.16435,32853,10,0
2025-12-05T00:00:00Z,1.16417,1.16713,1.16275,1.16419,32570,10,0
2025-12-08T00:00:00Z,1.16329,1.16717,1.1616,1.16357,39075,10,0
2025-12-09T00:00:00Z,1.16316,1.16568,1.16146,1.16251,35326,10,0
2025-12-10T00:00:00Z,1.1625,1.16993,1.1621299999999999,1.16942,40697,10,0
2025-12-11T00:00:00Z,1.16936,1.1762299999999999,1.16818,1.17374,39464,10,0
2025-12-12T00:00:00Z,1.17382,1.17494,1.17191,1.17385,35031,10,0
2025-12-15T00:00:00Z,1.17298,1.1768399999999999,1.17259,1.17522,33924,10,0
2025-12-16T00:00:00Z,1.17494,1.18035,1.17346,1.17456,41798,10,0
2025-12-17T00:00:00Z,1.17451,1.17576,1.17027,1.17392,39812,10,0
2025-12-18T00:00:00Z,1.17372,1.17621,1.17122,1.17224,39466,10,0
2025-12-19T00:00:00Z,1.17156,1.17373,1.17024,1.17068,35931,10,0
2025-12-22T00:00:00Z,1.17139,1.17689,1.17056,1.17604,30934,10,0
2025-12-23T00:00:00Z,1.17533,1.18015,1.1752,1.1791800000000001,40453,10,0
2025-12-24T00:00:00Z,1.1789399999999999,1.18075,1.17722,1.17758,34644,10,0
2025-12-26T00:00:00Z,1.17765,1.17963,1.17611,1.17695,37232,10,0
2025-12-29T00:00:00Z,1.17633,1.17886,1.1749,1.17708,35371,10,0
2025-12-30T00:00:00Z,1.1766,1.17794,1.17429,1.17464,30913,10,0
2025-12-31T00:00:00Z,1.17421,1.1759,1.17196,1.17444,32454,10,0
2026-01-02T00:00:00Z,1.17447,1.17645,1.17129,1.17183,31850,10,0
2026-01-05T00:00:00Z,1.17185,1.17283,1.16585,1.17202,40823,10,0
2026-01-06T00:00:00Z,1.17175,1.17424,1.16834,1.16872,37161,10,0
2026-01-07T00:00:00Z,1.1684,1.17023,1.16724,1.16744,34849,10,0
2026-01-08T00:00:00Z,1.16729,1.16825,1.16422,1.16571,31922,10,0
2026-01-09T00:00:00Z,1.16562,1.16619,1.16177,1.16317,36406,10,0
2026-01-12T00:00:00Z,1.16268,1.16981,1.16212,1.16649,36709,10,0
2026-01-13T00:00:00Z,1.16661,1.16771,1.16337,1.16414,35271,10,0
2026-01-14T00:00:00Z,1.16402,1.16612,1.1635,1.1644,34032,10,0
2026-01-15T00:00:00Z,1.16435,1.16465,1.15926,1.16083,33592,10,0
2026-01-16T00:00:00Z,1.16036,1.16269,1.15841,1.15972,33625,10,0
2026-01-19T00:00:00Z,1.15786,1.16483,1.15767,1.1644700000000001,32387,10,0
2026-01-20T00:00:00Z,1.16413,1.1768,1.16322,1.1724999999999999,49056,10,0
2026-01-21T00:00:00Z,1.17177,1.17426,1.16757,1.1686,45223,10,0
2026-01-22T00:00:00Z,1.168,1.17551,1.16696,1.17536,37002,10,0
2026-01-23T00:00:00Z,1.17479,1.18332,1.17278,1.18273,43852,10,0
2026-01-26T00:00:00Z,1.1859899999999999,1.19066,1.1834500000000001,1.18786,59293,10,0
2026-01-27T00:00:00Z,1.18715,1.20819,1.185,1.20389,60773,10,0
2026-01-28T00:00:00Z,1.2036,1.2044,1.18953,1.1952,66284,10,0
2026-01-29T00:00:00Z,1.19527,1.19961,1.1951,1.19559,26062,0,0
