time_utc,open,high,low,close,tick_volume,spread,real_volume
2025-06-19T00:00:00Z,1.14736,1.14883,1.14706,1.14806,5355,10,0
2025-06-19T04:00:00Z,1.14805,1.14816,1.14503,1.14688,7984,10,0
2025-06-19T08:00:00Z,1.14688,1.14788,1.14459,1.14762,11235,10,0
2025-06-19T12:00:00Z,1.14761,1.14869,1.14672,1.1477,9821,10,0
2025-06-19T16:00:00Z,1.1476899999999999,1.14841,1.14541,1.14562,8124,10,0
2025-06-19T20:00:00Z,1.14561,1.14995,1.14551,1.14958,3205,10,0
2025-06-20T00:00:00Z,1.14903,1.15234,1.14899,1.15222,5198,10,0
2025-06-20T04:00:00Z,1.15222,1.15319,1.15106,1.15265,7434,10,0
2025-06-20T08:00:00Z,1.15265,1.15292,1.15095,1.1522000000000001,10032,10,0
2025-06-20T12:00:00Z,1.15219,1.15345,1.15054,1.15124,9980,10,0
2025-06-20T16:00:00Z,1.15125,1.15368,1.14947,1.15355,12152,10,0
2025-06-20T20:00:00Z,1.15355,1.15435,1.15135,1.15204,5049,10,0
2025-06-23T00:00:00Z,1.14561,1.15069,1.14542,1.14886,7809,10,0
2025-06-23T04:00:00Z,1.1488800000000001,1.15063,1.14719,1.149,8678,10,0
2025-06-23T08:00:00Z,1.14901,1.15206,1.14798,1.14813,12268,10,0
2025-06-23T12:00:00Z,1.14813,1.14826,1.14531,1.1467100000000001,12633,10,0
2025-06-23T16:00:00Z,1.1467100000000001,1.1557,1.14644,1.15442,16614,10,0
2025-06-23T20:00:00Z,1.15443,1.15812,1.15402,1.1577,8776,10,0
2025-06-24T00:00:00Z,1.15774,1.16084,1.15721,1.15988,7450,10,0
2025-06-24T04:00:00Z,1.15988,1.16137,1.15862,1.16058,7589,10,0
2025-06-24T08:00:00Z,1.16058,1.16218,1.15797,1.15921,13013,10,0
2025-06-24T12:00:00Z,1.15921,1.16177,1.15915,1.16003,10756,10,0
2025-06-24T16:00:00Z,1.16001,1.16413,1.15818,1.16236,14637,10,0
2025-06-24T20:00:00Z,1.16236,1.16315,1.16069,1.16073,5372,10,0
2025-06-25T00:00:00Z,1.1605699999999999,1.16262,1.16038,1.16246,3835,10,0
2025-06-25T04:00:00Z,1.16246,1.16311,1.1610800000000001,1.16133,6263,10,0
2025-06-25T08:00:00Z,1.16133,1.16222,1.15896,1.16096,8793,10,0
2025-06-25T12:00:00Z,1.16095,1.16129,1.1589800000000001,1.15923,8747,10,0
2025-06-25T16:00:00Z,1.15923,1.16353,1.1589800000000001,1.16304,10104,10,0
2025-06-25T20:00:00Z,1.16304,1.16646,1.16266,1.16585,5427,10,0
2025-06-26T00:00:00Z,1.16545,1.16886,1.16527,1.16817,4291,10,0
2025-06-26T04:00:00Z,1.16818,1.17168,1.16671,1.16794,6633,10,0
2025-06-26T08:00:00Z,1.16794,1.17444,1.16715,1.17272,11937,10,0
2025-06-26T12:00:00Z,1.1727,1.17304,1.16895,1.17064,12108,10,0
2025-06-26T16:00:00Z,1.1707,1.17398,1.16899,1.17289,14066,10,0
2025-06-26T20:00:00Z,1.1729,1.17317,1.16937,1.17004,5878,10,0
2025-06-27T00:00:00Z,1.16987,1.16994,1.16805,1.16916,4707,10,0
2025-06-27T04:00:00Z,1.16914,1.1709,1.16845,1.16845,6525,10,0
2025-06-27T08:00:00Z,1.16851,1.17264,1.16831,1.1709,8795,10,0
2025-06-27T12:00:00Z,1.1709,1.1749,1.17009,1.17465,10043,10,0
2025-06-27T16:00:00Z,1.17466,1.17532,1.17051,1.17217,12509,10,0
2025-06-27T20:00:00Z,1.17217,1.17235,1.1687400000000001,1.17146,7906,10,0
2025-06-30T00:00:00Z,1.17285,1.17383,1.17154,1.17175,4595,10,0
2025-06-30T04:00:00Z,1.17175,1.17341,1.17113,1.17298,5934,10,0
2025-06-30T08:00:00Z,1.17296,1.17504,1.17131,1.17291,10814,10,0
2025-06-30T12:00:00Z,1.17292,1.17323,1.17073,1.1712799999999999,8732,10,0
2025-06-30T16:00:00Z,1.1712799999999999,1.17712,1.17103,1.1762299999999999,12857,10,0
2025-06-30T20:00:00Z,1.17622,1.17869,1.17601,1.17864,5926,10,0
2025-07-01T00:00:00Z,1.1781,1.17975,1.17728,1.17971,4130,10,0
2025-07-01T04:00:00Z,1.17971,1.18071,1.17775,1.1785700000000001,5412,10,0
2025-07-01T08:00:00Z,1.1785700000000001,1.18169,1.1767,1.18042,9294,10,0
2025-07-01T12:00:00Z,1.18039,1.18292,1.17964,1.18032,10502,10,0
2025-07-01T16:00:00Z,1.18033,1.18114,1.17609,1.17648,13552,10,0
2025-07-01T20:00:00Z,1.1764999999999999,1.18063,1.1764999999999999,1.18041,5415,10,0
2025-07-02T00:00:00Z,1.18002,1.18076,1.1798,1.18073,3266,10,0
2025-07-02T04:00:00Z,1.18071,1.18094,1.17878,1.17958,4904,10,0
2025-07-02T08:00:00Z,1.17957,1.17978,1.17696,1.17752,8579,10,0
2025-07-02T12:00:00Z,1.17752,1.17879,1.17465,1.17561,11699,10,0
2025-07-02T16:00:00Z,1.17559,1.17935,1.17506,1.1788,12924,10,0
2025-07-02T20:00:00Z,1.1788,1.18027,1.17879,1.1797900000000001,4856,10,0
2025-07-03T00:00:00Z,1.17946,1.18083,1.17872,1.18061,3554,10,0
2025-07-03T04:00:00Z,1.18061,1.18095,1.17868,1.17889,4178,10,0
2025-07-03T08:00:00Z,1.17889,1.18095,1.17864,1.17975,7548,10,0
2025-07-03T12:00:00Z,1.17977,1.17997,1.1717,1.1738,10901,10,0
2025-07-03T16:00:00Z,1.17378,1.1789399999999999,1.17334,1.1752,13326,10,0
2025-07-03T20:00:00Z,1.17519,1.17591,1.17439,1.1756,2913,10,0
2025-07-04T00:00:00Z,1.17577,1.17709,1.17515,1.17664,3356,10,0
2025-07-04T04:00:00Z,1.17664,1.17797,1.17556,1.1779600000000001,4767,10,0
2025-07-04T08:00:00Z,1.1779600000000001,1.1785,1.17671,1.1774,8116,10,0
2025-07-04T12:00:00Z,1.1773500000000001,1.17817,1.17634,1.17661,7731,10,0
2025-07-04T16:00:00Z,1.17661,1.1787,1.17659,1.1774,5895,10,0
2025-07-04T20:00:00Z,1.1774,1.17818,1.17715,1.17733,9583,10,0
2025-07-07T00:00:00Z,1.17811,1.17898,1.1773,1.17794,3514,10,0
2025-07-07T04:00:00Z,1.17793,1.17802,1.17637,1.17656,5523,10,0
2025-07-07T08:00:00Z,1.17656,1.17734,1.17229,1.17238,9130,10,0
2025-07-07T12:00:00Z,1.17239,1.17356,1.17177,1.1722,9032,10,0
2025-07-07T16:00:00Z,1.17219,1.17449,1.1687,1.16934,10703,10,0
2025-07-07T20:00:00Z,1.16937,1.17235,1.16865,1.1707,7075,10,0
2025-07-08T00:00:00Z,1.17071,1.17475,1.17064,1.17429,4336,10,0
2025-07-08T04:00:00Z,1.17429,1.17494,1.17303,1.17409,6343,10,0
2025-07-08T08:00:00Z,1.17409,1.17647,1.17313,1.17484,9093,10,0
2025-07-08T12:00:00Z,1.17484,1.1750099999999999,1.17135,1.17205,8761,10,0
2025-07-08T16:00:00Z,1.17205,1.17217,1.16822,1.17083,11607,10,0
2025-07-08T20:00:00Z,1.17083,1.17293,1.1707,1.1724,5919,10,0
2025-07-09T00:00:00Z,1.1718600000000001,1.17288,1.17167,1.17241,3436,10,0
2025-07-09T04:00:00Z,1.17241,1.17253,1.17013,1.1712,6458,10,0
2025-07-09T08:00:00Z,1.1712,1.17281,1.17019,1.17123,8850,10,0
2025-07-09T12:00:00Z,1.17129,1.17193,1.16892,1.17149,9390,10,0
2025-07-09T16:00:00Z,1.17149,1.17241,1.17002,1.17045,9416,10,0
2025-07-09T20:00:00Z,1.1703999999999999,1.17227,1.17035,1.1721,4651,10,0
2025-07-10T00:00:00Z,1.1715,1.1749100000000001,1.17136,1.17434,3350,10,0
2025-07-10T04:00:00Z,1.17432,1.1743999999999999,1.17299,1.1734499999999999,4372,10,0
2025-07-10T08:00:00Z,1.1734499999999999,1.1743000000000001,1.17256,1.17273,7155,10,0
2025-07-10T12:00:00Z,1.17273,1.17339,1.17014,1.1706,7149,10,0
2025-07-10T16:00:00Z,1.17059,1.17142,1.16622,1.1685,11064,10,0
2025-07-10T20:00:00Z,1.1685,1.16995,1.16811,1.16992,4512,10,0
2025-07-11T00:00:00Z,1.1696900000000001,1.1707,1.16642,1.16743,4838,10,0
2025-07-11T04:00:00Z,1.16742,1.16856,1.16681,1.16759,6794,10,0
2025-07-11T08:00:00Z,1.16759,1.16953,1.167,1.16817,8814,10,0
2025-07-11T12:00:00Z,1.16817,1.17007,1.16808,1.1688,9073,10,0
2025-07-11T16:00:00Z,1.16881,1.17135,1.16738,1.16909,10859,10,0
2025-07-11T20:00:00Z,1.16909,1.16953,1.16783,1.16886,4837,10,0
2025-07-14T00:00:00Z,1.16665,1.1693500000000001,1.16604,1.1693,5156,10,0
2025-07-14T04:00:00Z,1.1693,1.16972,1.16722,1.16743,5155,10,0
2025-07-14T08:00:00Z,1.16743,1.16883,1.16538,1.16821,8155,10,0
2025-07-14T12:00:00Z,1.16822,1.16967,1.16791,1.16853,8116,10,0
2025-07-14T16:00:00Z,1.16852,1.16954,1.16597,1.16619,9965,10,0
2025-07-14T20:00:00Z,1.16619,1.16724,1.16587,1.1663999999999999,3903,10,0
2025-07-15T00:00:00Z,1.16617,1.16766,1.166,1.16717,3160,10,0
2025-07-15T04:00:00Z,1.16718,1.16794,1.16648,1.16755,4337,10,0
2025-07-15T08:00:00Z,1.16755,1.16923,1.16713,1.16862,6360,10,0
2025-07-15T12:00:00Z,1.16862,1.16906,1.16619,1.16775,8682,10,0
2025-07-15T16:00:00Z,1.16775,1.16788,1.15932,1.15957,14375,10,0
2025-07-15T20:00:00Z,1.15957,1.1604700000000001,1.15924,1.16013,4228,10,0
2025-07-16T00:00:00Z,1.15977,1.16129,1.15977,1.16074,2939,10,0
2025-07-16T04:00:00Z,1.16075,1.16194,1.16056,1.16192,4492,10,0
2025-07-16T08:00:00Z,1.16192,1.1628,1.16123,1.16249,7432,10,0
2025-07-16T12:00:00Z,1.1625,1.16259,1.15927,1.15981,9394,10,0
2025-07-16T16:00:00Z,1.15981,1.17211,1.15619,1.16385,20873,10,0
2025-07-16T20:00:00Z,1.16385,1.1658,1.162,1.16387,7529,10,0
2025-07-17T00:00:00Z,1.16329,1.16419,1.16168,1.16233,3372,10,0
2025-07-17T04:00:00Z,1.16235,1.16284,1.16132,1.16238,5713,10,0
2025-07-17T08:00:00Z,1.16238,1.16268,1.15728,1.16009,9122,10,0
2025-07-17T12:00:00Z,1.16012,1.16042,1.15566,1.15868,7885,10,0
2025-07-17T16:00:00Z,1.15867,1.16022,1.15774,1.15857,9822,10,0
2025-07-17T20:00:00Z,1.15857,1.15998,1.15795,1.15964,4589,10,0
2025-07-18T00:00:00Z,1.15928,1.16272,1.15923,1.16241,4055,10,0
2025-07-18T04:00:00Z,1.16241,1.16338,1.1617899999999999,1.16188,4335,10,0
2025-07-18T08:00:00Z,1.16185,1.16453,1.16116,1.16352,6761,10,0
2025-07-18T12:00:00Z,1.16352,1.1658,1.16317,1.1656,8863,10,0
2025-07-18T16:00:00Z,1.16558,1.16716,1.16258,1.1628,11070,10,0
2025-07-18T20:00:00Z,1.1628,1.16293,1.16167,1.16242,4455,10,0
2025-07-21T00:00:00Z,1.16247,1.16358,1.16184,1.16187,4447,10,0
2025-07-21T04:00:00Z,1.16187,1.16295,1.1614200000000001,1.16288,4213,10,0
2025-07-21T08:00:00Z,1.16288,1.16516,1.16273,1.16419,7312,10,0
2025-07-21T12:00:00Z,1.16419,1.16729,1.16332,1.16647,8290,10,0
2025-07-21T16:00:00Z,1.16647,1.17163,1.16575,1.16996,9688,10,0
2025-07-21T20:00:00Z,1.16996,1.1701,1.16855,1.16946,4115,10,0
2025-07-22T00:00:00Z,1.16896,1.16954,1.1683,1.1688,2721,10,0
2025-07-22T04:00:00Z,1.1688,1.16952,1.16821,1.16878,3510,10,0
2025-07-22T08:00:00Z,1.16879,1.17029,1.16814,1.1698,6756,10,0
2025-07-22T12:00:00Z,1.16981,1.17089,1.16827,1.16901,7468,10,0
2025-07-22T16:00:00Z,1.16901,1.176,1.16784,1.17546,12133,10,0
2025-07-22T20:00:00Z,1.17547,1.17549,1.17414,1.17529,4222,10,0
2025-07-23T00:00:00Z,1.17529,1.17556,1.17331,1.1746699999999999,4393,10,0
2025-07-23T04:00:00Z,1.1746699999999999,1.17483,1.17301,1.1734499999999999,6010,10,0
2025-07-23T08:00:00Z,1.1734499999999999,1.17525,1.17269,1.17324,7940,10,0
2025-07-23T12:00:00Z,1.17323,1.17389,1.17197,1.17246,8602,10,0
2025-07-23T16:00:00Z,1.17246,1.17602,1.17104,1.17507,11916,10,0
2025-07-23T20:00:00Z,1.17507,1.17747,1.1745,1.17718,6131,10,0
2025-07-24T00:00:00Z,1.17671,1.17783,1.17616,1.17666,3234,10,0
2025-07-24T04:00:00Z,1.17666,1.17795,1.17665,1.17736,5504,10,0
2025-07-24T08:00:00Z,1.1773500000000001,1.17777,1.17547,1.17575,8141,10,0
2025-07-24T12:00:00Z,1.17576,1.17588,1.17316,1.17357,8396,10,0
2025-07-24T16:00:00Z,1.17357,1.17883,1.17301,1.17619,13168,10,0
2025-07-24T20:00:00Z,1.17621,1.17774,1.17448,1.17475,4680,10,0
2025-07-25T00:00:00Z,1.17346,1.17583,1.1734499999999999,1.17539,3454,10,0
2025-07-25T04:00:00Z,1.17539,1.17581,1.17336,1.1739600000000001,4953,10,0
2025-07-25T08:00:00Z,1.17395,1.17604,1.17368,1.17428,9379,10,0
2025-07-25T12:00:00Z,1.17428,1.17431,1.17112,1.17178,8919,10,0
2025-07-25T16:00:00Z,1.17181,1.17382,1.17028,1.17286,12599,10,0
2025-07-25T20:00:00Z,1.1728399999999999,1.17465,1.17283,1.174,4540,10,0
2025-07-28T00:00:00Z,1.17586,1.17699,1.17508,1.17633,4923,10,0
2025-07-28T04:00:00Z,1.17634,1.17693,1.17452,1.1747,5290,10,0
2025-07-28T08:00:00Z,1.1747,1.17472,1.16703,1.1678600000000001,10500,10,0
2025-07-28T12:00:00Z,1.16785,1.1684,1.16432,1.16575,11914,10,0
2025-07-28T16:00:00Z,1.16576,1.16617,1.1598,1.15987,11764,10,0
2025-07-28T20:00:00Z,1.15985,1.16011,1.1584,1.1587399999999999,4566,10,0
2025-07-29T00:00:00Z,1.15886,1.15971,1.15839,1.15846,3136,10,0
2025-07-29T04:00:00Z,1.15846,1.15987,1.1574200000000001,1.15882,5156,10,0
2025-07-29T08:00:00Z,1.15882,1.1589800000000001,1.15265,1.15685,11143,10,0
2025-07-29T12:00:00Z,1.15687,1.15878,1.15244,1.15244,10593,10,0
2025-07-29T16:00:00Z,1.15244,1.1551,1.15184,1.15409,13373,10,0
2025-07-29T20:00:00Z,1.15409,1.156,1.15371,1.15441,5630,10,0
2025-07-30T00:00:00Z,1.15458,1.15673,1.1544,1.15668,2995,10,0
2025-07-30T04:00:00Z,1.15668,1.15723,1.155,1.15507,5234,10,0
2025-07-30T08:00:00Z,1.15507,1.15682,1.15397,1.15563,8616,10,0
2025-07-30T12:00:00Z,1.15563,1.15601,1.14687,1.14726,11331,10,0
2025-07-30T16:00:00Z,1.14725,1.14846,1.14578,1.14734,11938,10,0
2025-07-30T20:00:00Z,1.14734,1.15028,1.13997,1.14023,13666,10,0
2025-07-31T00:00:00Z,1.14032,1.14367,1.14026,1.14338,4277,10,0
2025-07-31T04:00:00Z,1.14338,1.14375,1.14071,1.14354,6712,10,0
2025-07-31T08:00:00Z,1.14352,1.14605,1.14304,1.14496,10273,10,0
2025-07-31T12:00:00Z,1.14496,1.14505,1.14203,1.14282,10717,10,0
2025-07-31T16:00:00Z,1.14282,1.14493,1.14056,1.14221,13112,10,0
2025-07-31T20:00:00Z,1.14222,1.14326,1.14092,1.14134,5823,10,0
2025-08-01T00:00:00Z,1.14147,1.14284,1.14112,1.14238,4833,10,0
2025-08-01T04:00:00Z,1.14237,1.1428,1.14045,1.14187,6530,10,0
2025-08-01T08:00:00Z,1.14186,1.1437599999999999,1.14051,1.1406100000000001,8032,10,0
2025-08-01T12:00:00Z,1.1406100000000001,1.15579,1.13912,1.15452,12980,10,0
2025-08-01T16:00:00Z,1.15451,1.15876,1.15357,1.15389,21075,10,0
2025-08-01T20:00:00Z,1.15389,1.15965,1.1516,1.15858,10673,10,0
2025-08-04T00:00:00Z,1.15907,1.15951,1.15554,1.15574,5959,10,0
2025-08-04T04:00:00Z,1.15575,1.15855,1.15499,1.15741,7196,10,0
2025-08-04T08:00:00Z,1.15741,1.15828,1.15492,1.15577,10798,10,0
2025-08-04T12:00:00Z,1.15575,1.15877,1.15547,1.15748,11483,10,0
2025-08-04T16:00:00Z,1.15748,1.1588,1.15564,1.15717,13144,10,0
2025-08-04T20:00:00Z,1.15716,1.15771,1.15625,1.15711,5426,10,0
2025-08-05T00:00:00Z,1.15666,1.1587399999999999,1.15661,1.1571500000000001,4059,10,0
2025-08-05T04:00:00Z,1.15714,1.15735,1.15537,1.15579,5764,10,0
2025-08-05T08:00:00Z,1.15578,1.15618,1.15309,1.15361,8887,10,0
2025-08-05T12:00:00Z,1.15362,1.1548,1.15272,1.15368,10546,10,0
2025-08-05T16:00:00Z,1.15368,1.15855,1.15318,1.15824,13197,10,0
2025-08-05T20:00:00Z,1.15824,1.15826,1.15659,1.15736,4889,10,0
2025-08-06T00:00:00Z,1.15711,1.1584699999999999,1.15703,1.15734,3328,10,0
2025-08-06T04:00:00Z,1.15733,1.15856,1.15639,1.15823,4478,10,0
2025-08-06T08:00:00Z,1.15822,1.15876,1.157,1.15745,7309,10,0
2025-08-06T12:00:00Z,1.15738,1.16282,1.15738,1.16232,8817,10,0
2025-08-06T16:00:00Z,1.16232,1.16479,1.1617,1.16341,12734,10,0
2025-08-06T20:00:00Z,1.16342,1.16681,1.16326,1.16587,5882,10,0
2025-08-07T00:00:00Z,1.16529,1.16654,1.16505,1.1652,3561,10,0
2025-08-07T04:00:00Z,1.1652,1.16759,1.1649,1.16709,4974,10,0
2025-08-07T08:00:00Z,1.16708,1.16984,1.16676,1.1682299999999999,8542,10,0
2025-08-07T12:00:00Z,1.16825,1.16843,1.16337,1.16506,12120,10,0
2025-08-07T16:00:00Z,1.16506,1.16581,1.16105,1.16377,12906,10,0
2025-08-07T20:00:00Z,1.16377,1.16709,1.16188,1.16628,7088,10,0
2025-08-08T00:00:00Z,1.16607,1.16789,1.1659,1.16722,4424,10,0
2025-08-08T04:00:00Z,1.16723,1.16734,1.16545,1.1658,5969,10,0
2025-08-08T08:00:00Z,1.16578,1.1663999999999999,1.16341,1.16366,8255,10,0
2025-08-08T12:00:00Z,1.16366,1.16536,1.16284,1.16412,9746,10,0
2025-08-08T16:00:00Z,1.16412,1.16673,1.16409,1.16559,10230,10,0
2025-08-08T20:00:00Z,1.16559,1.16661,1.1636,1.16391,5927,10,0
2025-08-11T00:00:00Z,1.16446,1.16507,1.16416,1.16469,3034,10,0
2025-08-11T04:00:00Z,1.1647,1.1675,1.1645,1.16715,4487,10,0
2025-08-11T08:00:00Z,1.16715,1.16733,1.16436,1.16549,6689,10,0
2025-08-11T12:00:00Z,1.16543,1.16577,1.16137,1.16198,8238,10,0
2025-08-11T16:00:00Z,1.16198,1.16272,1.15896,1.16071,9501,10,0
2025-08-11T20:00:00Z,1.16071,1.1619,1.15982,1.16148,4339,10,0
2025-08-12T00:00:00Z,1.16076,1.16194,1.16076,1.16148,3368,10,0
2025-08-12T04:00:00Z,1.16148,1.1627399999999999,1.1614,1.16271,5149,10,0
2025-08-12T08:00:00Z,1.16271,1.16285,1.16076,1.16144,8775,10,0
2025-08-12T12:00:00Z,1.16144,1.16553,1.15982,1.16417,10721,10,0
2025-08-12T16:00:00Z,1.16419,1.1696900000000001,1.16173,1.16792,17233,10,0
2025-08-12T20:00:00Z,1.16792,1.16801,1.16641,1.16718,5455,10,0
2025-08-13T00:00:00Z,1.16685,1.16804,1.16684,1.16794,2673,10,0
2025-08-13T04:00:00Z,1.16794,1.16872,1.1670099999999999,1.16837,4804,10,0
2025-08-13T08:00:00Z,1.16837,1.17201,1.16761,1.17136,8196,10,0
2025-08-13T12:00:00Z,1.17138,1.17298,1.1696900000000001,1.16984,7886,10,0
2025-08-13T16:00:00Z,1.16985,1.1723,1.16925,1.17064,10758,10,0
2025-08-13T20:00:00Z,1.17064,1.17103,1.16954,1.17032,3974,10,0
2025-08-14T00:00:00Z,1.17013,1.17144,1.16991,1.17107,3541,10,0
2025-08-14T04:00:00Z,1.17108,1.17146,1.16986,1.17033,5378,10,0
2025-08-14T08:00:00Z,1.17034,1.17061,1.1667399999999999,1.1668,8433,10,0
2025-08-14T12:00:00Z,1.16679,1.1696900000000001,1.16492,1.16634,11141,10,0
2025-08-14T16:00:00Z,1.16634,1.16709,1.16306,1.16339,12902,10,0
2025-08-14T20:00:00Z,1.16342,1.16499,1.16308,1.1647,4589,10,0
2025-08-15T00:00:00Z,1.1648100000000001,1.16528,1.1645699999999999,1.16517,2507,10,0
2025-08-15T04:00:00Z,1.16521,1.16642,1.16478,1.16625,4324,10,0
2025-08-15T08:00:00Z,1.16625,1.1684700000000001,1.16608,1.16818,6966,10,0
2025-08-15T12:00:00Z,1.16818,1.16995,1.1673,1.16936,8836,10,0
2025-08-15T16:00:00Z,1.16947,1.17147,1.1681300000000001,1.17033,10751,10,0
2025-08-15T20:00:00Z,1.17033,1.17076,1.16981,1.17029,4188,10,0
2025-08-18T00:00:00Z,1.171,1.17149,1.16997,1.17012,3104,10,0
2025-08-18T04:00:00Z,1.17011,1.17098,1.16931,1.1708,4161,10,0
2025-08-18T08:00:00Z,1.1708,1.17084,1.16706,1.16815,7463,10,0
2025-08-18T12:00:00Z,1.16814,1.16879,1.16657,1.16759,7095,10,0
2025-08-18T16:00:00Z,1.16759,1.16841,1.16555,1.16573,8589,10,0
2025-08-18T20:00:00Z,1.16573,1.167,1.16564,1.16599,4040,10,0
2025-08-19T00:00:00Z,1.16597,1.16745,1.16553,1.1658,2972,10,0
2025-08-19T04:00:00Z,1.1658,1.16618,1.16387,1.16602,4893,0,0
2025-08-19T08:00:00Z,1.16602,1.16838,1.16505,1.16745,7108,10,0
2025-08-19T12:00:00Z,1.16745,1.16925,1.16721,1.1675,6867,10,0
2025-08-19T16:00:00Z,1.1675,1.16778,1.16539,1.1656,9052,10,0
2025-08-19T20:00:00Z,1.1656,1.1660300000000001,1.16419,1.16454,3844,10,0
2025-08-20T00:00:00Z,1.16428,1.16486,1.16308,1.16382,3368,10,0
2025-08-20T04:00:00Z,1.16382,1.16417,1.16218,1.16339,5567,10,0
2025-08-20T08:00:00Z,1.16339,1.16463,1.16227,1.16373,8022,10,0
2025-08-20T12:00:00Z,1.16374,1.16732,1.16345,1.16705,7701,10,0
2025-08-20T16:00:00Z,1.16705,1.16714,1.16458,1.16594,9808,10,0
2025-08-20T20:00:00Z,1.16593,1.1672,1.16465,1.16491,4941,10,0
2025-08-21T00:00:00Z,1.1649,1.16544,1.16407,1.16464,2971,10,0
2025-08-21T04:00:00Z,1.16464,1.165,1.16408,1.1644700000000001,4837,10,0
2025-08-21T08:00:00Z,1.1645,1.16608,1.16246,1.16543,7812,10,0
2025-08-21T12:00:00Z,1.16543,1.16623,1.16363,1.16461,8122,10,0
2025-08-21T16:00:00Z,1.16461,1.16495,1.16007,1.16106,12044,10,0
2025-08-21T20:00:00Z,1.16106,1.16182,1.1602999999999999,1.16052,4027,10,0
2025-08-22T00:00:00Z,1.16042,1.16161,1.16024,1.16143,2873,10,0
2025-08-22T04:00:00Z,1.16143,1.16153,1.15825,1.1584,4432,10,0
2025-08-22T08:00:00Z,1.1584,1.15992,1.15828,1.1599,6057,10,0
2025-08-22T12:00:00Z,1.1599,1.16132,1.15931,1.16083,6368,10,0
2025-08-22T16:00:00Z,1.16083,1.17318,1.15971,1.17214,16489,10,0
2025-08-22T20:00:00Z,1.17214,1.17421,1.17146,1.17204,6088,10,0
2025-08-25T00:00:00Z,1.1721,1.17255,1.1695,1.16975,3431,10,0
2025-08-25T04:00:00Z,1.16975,1.17073,1.16932,1.17054,3583,10,0
2025-08-25T08:00:00Z,1.17054,1.17201,1.16941,1.17036,5964,10,0
2025-08-25T12:00:00Z,1.17032,1.17041,1.1684700000000001,1.16993,5759,10,0
2025-08-25T16:00:00Z,1.16993,1.17085,1.1650800000000001,1.16544,9277,10,0
2025-08-25T20:00:00Z,1.16544,1.16554,1.16023,1.16183,6339,10,0
2025-08-26T00:00:00Z,1.1617,1.16596,1.16097,1.16474,5884,10,0
2025-08-26T04:00:00Z,1.16473,1.16497,1.16233,1.16314,6243,10,0
2025-08-26T08:00:00Z,1.16314,1.16439,1.16018,1.16175,9854,10,0
2025-08-26T12:00:00Z,1.16175,1.16601,1.16172,1.16459,8678,10,0
2025-08-26T16:00:00Z,1.16456,1.16648,1.16369,1.16483,10791,10,0
2025-08-26T20:00:00Z,1.1648399999999999,1.16524,1.16331,1.16395,5029,10,0
2025-08-27T00:00:00Z,1.16419,1.16471,1.16331,1.16363,2998,10,0
2025-08-27T04:00:00Z,1.16363,1.16402,1.16116,1.16136,4085,10,0
2025-08-27T08:00:00Z,1.16137,1.16233,1.15766,1.15883,7291,10,0
2025-08-27T12:00:00Z,1.15883,1.15978,1.15736,1.1586,7581,10,0
2025-08-27T16:00:00Z,1.1586,1.16404,1.15817,1.16377,10451,10,0
2025-08-27T20:00:00Z,1.16379,1.1642299999999999,1.1627399999999999,1.16361,4976,10,0
2025-08-28T00:00:00Z,1.16336,1.1649,1.16321,1.16451,2760,10,0
2025-08-28T04:00:00Z,1.16451,1.1654200000000001,1.16383,1.16393,4037,10,0
2025-08-28T08:00:00Z,1.16393,1.16491,1.16287,1.1642000000000001,6815,10,0
2025-08-28T12:00:00Z,1.1642000000000001,1.16865,1.1642000000000001,1.1669100000000001,9091,10,0
2025-08-28T16:00:00Z,1.16689,1.16896,1.16582,1.16889,10908,10,0
2025-08-28T20:00:00Z,1.16889,1.1696900000000001,1.16774,1.16812,4292,10,0
2025-08-29T00:00:00Z,1.16798,1.16817,1.16723,1.16742,3160,10,0
2025-08-29T04:00:00Z,1.16742,1.16759,1.16557,1.16642,4608,10,0
2025-08-29T08:00:00Z,1.16642,1.16897,1.16607,1.16753,7084,10,0
2025-08-29T12:00:00Z,1.16753,1.16821,1.16504,1.16582,7895,10,0
2025-08-29T16:00:00Z,1.16583,1.17085,1.16531,1.17011,11444,10,0
2025-08-29T20:00:00Z,1.1701,1.17026,1.16805,1.16836,3984,10,0
2025-09-01T00:00:00Z,1.16932,1.16976,1.1685699999999999,1.16967,2236,10,0
2025-09-01T04:00:00Z,1.16967,1.17139,1.16875,1.17078,4523,10,0
2025-09-01T08:00:00Z,1.17078,1.17361,1.17078,1.17347,6934,10,0
2025-09-01T12:00:00Z,1.17347,1.17356,1.17061,1.17069,6916,10,0
2025-09-01T16:00:00Z,1.17071,1.17159,1.16961,1.17043,6623,10,0
2025-09-01T20:00:00Z,1.17043,1.17133,1.17008,1.171,2248,10,0
2025-09-02T00:00:00Z,1.17072,1.17178,1.17028,1.1703999999999999,2845,10,0
2025-09-02T04:00:00Z,1.1703999999999999,1.17065,1.16895,1.16929,5465,10,0
2025-09-02T08:00:00Z,1.16929,1.1706,1.16333,1.1644700000000001,11376,10,0
2025-09-02T12:00:00Z,1.16446,1.16525,1.16125,1.16167,12560,10,0
2025-09-02T16:00:00Z,1.16168,1.16821,1.16146,1.16436,13558,10,0
2025-09-02T20:00:00Z,1.16436,1.16477,1.16291,1.16403,4626,10,0
2025-09-03T00:00:00Z,1.1638600000000001,1.16435,1.16284,1.16326,2515,10,0
2025-09-03T04:00:00Z,1.16326,1.1635,1.16215,1.16313,4525,10,0
2025-09-03T08:00:00Z,1.16313,1.16572,1.16077,1.16561,8256,10,0
2025-09-03T12:00:00Z,1.16561,1.16642,1.16392,1.16478,8245,10,0
2025-09-03T16:00:00Z,1.16478,1.16816,1.16383,1.16748,12285,10,0
2025-09-03T20:00:00Z,1.16749,1.16766,1.16552,1.166,4620,10,0
2025-09-04T00:00:00Z,1.16572,1.16627,1.1654200000000001,1.16582,3455,10,0
2025-09-04T04:00:00Z,1.16585,1.1669,1.16499,1.1651,4508,10,0
2025-09-04T08:00:00Z,1.1651,1.16608,1.16437,1.16573,6857,10,0
2025-09-04T12:00:00Z,1.16573,1.16593,1.16295,1.16455,9220,10,0
2025-09-04T16:00:00Z,1.16454,1.16551,1.16308,1.16391,11113,10,0
2025-09-04T20:00:00Z,1.1639,1.16519,1.1634,1.16495,3919,10,0
2025-09-05T00:00:00Z,1.16454,1.16601,1.16454,1.16591,3061,10,0
2025-09-05T04:00:00Z,1.16591,1.16741,1.16591,1.1666400000000001,3998,10,0
2025-09-05T08:00:00Z,1.1666400000000001,1.1684,1.16646,1.16828,6400,10,0
2025-09-05T12:00:00Z,1.16828,1.1749100000000001,1.16773,1.17339,10688,10,0
2025-09-05T16:00:00Z,1.17339,1.1759,1.17137,1.17384,16545,10,0
2025-09-05T20:00:00Z,1.17385,1.17387,1.1712500000000001,1.17166,5669,10,0
2025-09-08T00:00:00Z,1.1710099999999999,1.172,1.17031,1.1712500000000001,4846,10,0
2025-09-08T04:00:00Z,1.1712500000000001,1.17171,1.17056,1.1712500000000001,5787,10,0
2025-09-08T08:00:00Z,1.17126,1.17424,1.17115,1.17309,7949,10,0
2025-09-08T12:00:00Z,1.17309,1.1741,1.17196,1.17372,7194,10,0
2025-09-08T16:00:00Z,1.17372,1.17557,1.17346,1.17402,9589,10,0
2025-09-08T20:00:00Z,1.17402,1.17649,1.1734499999999999,1.17616,4621,10,0
2025-09-09T00:00:00Z,1.17595,1.17739,1.17571,1.17709,3274,10,0
2025-09-09T04:00:00Z,1.17709,1.17775,1.17629,1.17724,4216,10,0
2025-09-09T08:00:00Z,1.17724,1.1779600000000001,1.17438,1.1759,9462,10,0
2025-09-09T12:00:00Z,1.17591,1.17717,1.17271,1.1736900000000001,8555,10,0
2025-09-09T16:00:00Z,1.1736900000000001,1.1762,1.1715200000000001,1.17184,13016,10,0
2025-09-09T20:00:00Z,1.1718600000000001,1.17231,1.17033,1.17084,5113,10,0
2025-09-10T00:00:00Z,1.1703999999999999,1.17134,1.16954,1.16965,3598,10,0
2025-09-10T04:00:00Z,1.16966,1.1715,1.16889,1.17146,5227,10,0
2025-09-10T08:00:00Z,1.17144,1.1718,1.16822,1.16995,8444,10,0
2025-09-10T12:00:00Z,1.16995,1.17267,1.1690800000000001,1.16999,9789,10,0
2025-09-10T16:00:00Z,1.17,1.17298,1.16954,1.17051,11113,10,0
2025-09-10T20:00:00Z,1.17051,1.17117,1.16929,1.1693500000000001,4342,10,0
2025-09-11T00:00:00Z,1.16936,1.17064,1.16932,1.1693500000000001,2818,10,0
2025-09-11T04:00:00Z,1.1693500000000001,1.17023,1.16926,1.16988,3285,10,0
2025-09-11T08:00:00Z,1.16988,1.16989,1.16832,1.16915,8118,10,0
2025-09-11T12:00:00Z,1.16914,1.17203,1.16597,1.17144,11889,10,0
2025-09-11T16:00:00Z,1.17146,1.17455,1.17135,1.1736,14292,10,0
2025-09-11T20:00:00Z,1.17361,1.17389,1.17273,1.17346,5432,10,0
2025-09-12T00:00:00Z,1.17314,1.174,1.17266,1.17325,3604,10,0
2025-09-12T04:00:00Z,1.17325,1.17339,1.17204,1.17251,3683,10,0
2025-09-12T08:00:00Z,1.17254,1.17471,1.1715200000000001,1.1717,7627,10,0
2025-09-12T12:00:00Z,1.17169,1.17349,1.1701,1.17118,8961,10,0
2025-09-12T16:00:00Z,1.17117,1.17312,1.1703000000000001,1.17264,10283,10,0
2025-09-12T20:00:00Z,1.17268,1.17412,1.17264,1.1733500000000001,4379,10,0
2025-09-15T00:00:00Z,1.17269,1.17344,1.17214,1.17264,2566,10,0
2025-09-15T04:00:00Z,1.17263,1.17351,1.1722299999999999,1.17336,2807,10,0
2025-09-15T08:00:00Z,1.17338,1.17438,1.17158,1.17366,6768,10,0
2025-09-15T12:00:00Z,1.17365,1.17704,1.17357,1.17691,8157,10,0
2025-09-15T16:00:00Z,1.17691,1.1774,1.17504,1.17578,9105,10,0
2025-09-15T20:00:00Z,1.17577,1.17724,1.17576,1.17599,4484,10,0
2025-09-16T00:00:00Z,1.17605,1.17657,1.17569,1.17617,2699,10,0
2025-09-16T04:00:00Z,1.17615,1.17863,1.17574,1.17763,5047,10,0
2025-09-16T08:00:00Z,1.17763,1.18032,1.17732,1.17946,8636,10,0
2025-09-16T12:00:00Z,1.17949,1.18208,1.17895,1.18039,11065,10,0
2025-09-16T16:00:00Z,1.18043,1.18712,1.18038,1.18642,13068,10,0
2025-09-16T20:00:00Z,1.1864,1.1877900000000001,1.18577,1.1865700000000001,6269,10,0
2025-09-17T00:00:00Z,1.18652,1.18726,1.1856200000000001,1.18578,2697,10,0
2025-09-17T04:00:00Z,1.18578,1.18588,1.18508,1.18535,4003,10,0
2025-09-17T08:00:00Z,1.1853799999999999,1.18592,1.18376,1.1847699999999999,6460,10,0
2025-09-17T12:00:00Z,1.1847699999999999,1.18493,1.18324,1.1843,7147,10,0
2025-09-17T16:00:00Z,1.18435,1.18588,1.18419,1.18527,8393,10,0
2025-09-17T20:00:00Z,1.18525,1.1918,1.1807400000000001,1.18121,18189,10,0
2025-09-18T00:00:00Z,1.181,1.18283,1.181,1.18248,3848,10,0
2025-09-18T04:00:00Z,1.18247,1.18282,1.17932,1.17945,5442,10,0
2025-09-18T08:00:00Z,1.17945,1.18382,1.178,1.18273,9875,10,0
2025-09-18T12:00:00Z,1.18273,1.18478,1.17947,1.17951,11187,10,0
2025-09-18T16:00:00Z,1.17951,1.17958,1.17497,1.17865,15046,10,0
2025-09-18T20:00:00Z,1.17865,1.17934,1.17804,1.17847,5809,10,0
2025-09-19T00:00:00Z,1.17822,1.17901,1.17749,1.1786,3790,10,0
2025-09-19T04:00:00Z,1.1786,1.1792,1.17697,1.1773500000000001,7225,10,0
2025-09-19T08:00:00Z,1.1773500000000001,1.17776,1.17508,1.17605,10377,10,0
2025-09-19T12:00:00Z,1.17604,1.17682,1.17283,1.17357,9243,10,0
2025-09-19T16:00:00Z,1.17357,1.17673,1.17349,1.17527,11405,10,0
2025-09-19T20:00:00Z,1.17527,1.17547,1.17399,1.17427,4192,10,0
2025-09-22T00:00:00Z,1.17379,1.17478,1.17256,1.1734,3510,10,0
2025-09-22T04:00:00Z,1.17342,1.17405,1.17259,1.17302,5217,10,0
2025-09-22T08:00:00Z,1.17302,1.17686,1.17294,1.17619,7451,10,0
2025-09-22T12:00:00Z,1.17619,1.17869,1.17611,1.17826,7204,10,0
2025-09-22T16:00:00Z,1.17828,1.17897,1.1762299999999999,1.17877,9122,10,0
2025-09-22T20:00:00Z,1.17877,1.18023,1.17854,1.18008,3563,10,0
2025-09-23T00:00:00Z,1.17937,1.1807,1.17911,1.18059,3032,10,0
2025-09-23T04:00:00Z,1.18059,1.1819600000000001,1.17963,1.17972,4764,10,0
2025-09-23T08:00:00Z,1.17966,1.1804999999999999,1.17777,1.18022,9558,10,0
2025-09-23T12:00:00Z,1.18024,1.18118,1.1784,1.17963,7366,10,0
2025-09-23T16:00:00Z,1.17963,1.1809,1.17838,1.18045,11440,10,0
2025-09-23T20:00:00Z,1.18044,1.18177,1.18024,1.18132,5636,10,0
2025-09-24T00:00:00Z,1.18113,1.18185,1.18028,1.18034,3925,10,0
2025-09-24T04:00:00Z,1.18034,1.18047,1.17944,1.18025,5149,10,0
2025-09-24T08:00:00Z,1.18025,1.18043,1.17658,1.17718,7912,10,0
2025-09-24T12:00:00Z,1.17715,1.17744,1.1739,1.17422,8197,10,0
2025-09-24T16:00:00Z,1.17422,1.17458,1.17276,1.17321,11669,10,0
2025-09-24T20:00:00Z,1.17322,1.17402,1.17313,1.1737,4609,10,0
2025-09-25T00:00:00Z,1.17367,1.17478,1.17365,1.1747,3053,10,0
2025-09-25T04:00:00Z,1.17469,1.17533,1.17402,1.17514,4047,10,0
2025-09-25T08:00:00Z,1.17514,1.17519,1.17302,1.17421,7724,10,0
2025-09-25T12:00:00Z,1.17424,1.17535,1.16873,1.16977,9744,10,0
2025-09-25T16:00:00Z,1.16977,1.17098,1.16663,1.16704,13874,10,0
2025-09-25T20:00:00Z,1.16702,1.16716,1.16451,1.16642,6304,10,0
2025-09-26T00:00:00Z,1.16564,1.1671,1.16564,1.16709,5427,10,0
2025-09-26T04:00:00Z,1.16709,1.16815,1.16651,1.16794,4101,10,0
2025-09-26T08:00:00Z,1.16794,1.1687400000000001,1.1668,1.16801,7178,10,0
2025-09-26T12:00:00Z,1.16801,1.16856,1.16612,1.16825,8633,10,0
2025-09-26T16:00:00Z,1.16824,1.17043,1.16776,1.16923,11876,10,0
2025-09-26T20:00:00Z,1.16923,1.1706699999999999,1.16905,1.16986,4745,10,0
2025-09-29T00:00:00Z,1.16975,1.17228,1.16975,1.17211,3453,10,0
2025-09-29T04:00:00Z,1.17211,1.17325,1.17139,1.17265,4243,10,0
2025-09-29T08:00:00Z,1.17265,1.17328,1.17073,1.17232,7584,10,0
2025-09-29T12:00:00Z,1.17232,1.17506,1.17087,1.17494,8269,10,0
2025-09-29T16:00:00Z,1.17493,1.1754,1.1722299999999999,1.17289,10103,10,0
2025-09-29T20:00:00Z,1.17288,1.17324,1.17198,1.17256,3593,10,0
2025-09-30T00:00:00Z,1.17233,1.17319,1.17121,1.17203,3412,10,0
2025-09-30T04:00:00Z,1.17203,1.17282,1.17117,1.17281,4896,10,0
2025-09-30T08:00:00Z,1.17281,1.1761,1.17277,1.17551,8378,10,0
2025-09-30T12:00:00Z,1.17551,1.17578,1.17326,1.17366,7289,10,0
2025-09-30T16:00:00Z,1.17367,1.17586,1.1716,1.17561,12380,10,0
2025-09-30T20:00:00Z,1.17561,1.17609,1.17317,1.17324,4838,10,0
2025-10-01T00:00:00Z,1.17319,1.17419,1.17292,1.17355,3228,10,0
2025-10-01T04:00:00Z,1.17355,1.17582,1.17298,1.17577,3662,10,0
2025-10-01T08:00:00Z,1.17586,1.17782,1.17416,1.17492,11125,10,0
2025-10-01T12:00:00Z,1.17495,1.17682,1.17155,1.17486,12017,10,0
2025-10-01T16:00:00Z,1.17486,1.1763,1.17151,1.1722299999999999,14687,10,0
2025-10-01T20:00:00Z,1.1722299999999999,1.17415,1.17212,1.17294,5112,10,0
2025-10-02T00:00:00Z,1.17275,1.17367,1.17242,1.17293,3878,10,0
2025-10-02T04:00:00Z,1.17293,1.17415,1.17233,1.17338,3761,10,0
2025-10-02T08:00:00Z,1.17338,1.17563,1.17291,1.17531,7567,10,0
2025-10-02T12:00:00Z,1.17531,1.17577,1.1734,1.17371,7810,10,0
2025-10-02T16:00:00Z,1.17371,1.17434,1.16827,1.17144,12011,10,0
2025-10-02T20:00:00Z,1.17144,1.17261,1.1712,1.17148,4002,10,0
2025-10-03T00:00:00Z,1.1713,1.17254,1.17129,1.17237,2809,10,0
2025-10-03T04:00:00Z,1.17238,1.17289,1.17157,1.17175,4162,10,0
2025-10-03T08:00:00Z,1.17175,1.17442,1.17143,1.17397,6782,10,0
2025-10-03T12:00:00Z,1.1739600000000001,1.17423,1.17271,1.17388,7106,10,0
2025-10-03T16:00:00Z,1.17388,1.17586,1.17322,1.17392,11069,10,0
2025-10-03T20:00:00Z,1.17393,1.17439,1.17263,1.1740599999999999,3855,10,0
2025-10-06T00:00:00Z,1.1718600000000001,1.17263,1.17058,1.17157,7036,10,0
2025-10-06T04:00:00Z,1.17159,1.17303,1.17096,1.17197,4961,10,0
2025-10-06T08:00:00Z,1.17197,1.17246,1.16514,1.16672,11263,10,0
2025-10-06T12:00:00Z,1.16672,1.16891,1.16521,1.16885,10023,10,0
2025-10-06T16:00:00Z,1.16888,1.17205,1.16834,1.17115,9734,10,0
2025-10-06T20:00:00Z,1.17116,1.17164,1.17079,1.17111,3596,10,0
2025-10-07T00:00:00Z,1.17062,1.17141,1.17037,1.17084,4434,10,0
2025-10-07T04:00:00Z,1.17083,1.17083,1.16938,1.16978,3449,10,0
2025-10-07T08:00:00Z,1.16978,1.16993,1.16646,1.16655,7213,10,0
2025-10-07T12:00:00Z,1.16655,1.16754,1.16535,1.16665,7789,10,0
2025-10-07T16:00:00Z,1.16665,1.16807,1.1654200000000001,1.16696,10803,10,0
2025-10-07T20:00:00Z,1.16696,1.16789,1.16472,1.16564,4961,10,0
2025-10-08T00:00:00Z,1.16564,1.16607,1.16451,1.16468,2316,10,0
2025-10-08T04:00:00Z,1.16468,1.16468,1.16155,1.16188,6171,10,0
2025-10-08T08:00:00Z,1.16188,1.1635,1.16066,1.1614,9140,10,0
2025-10-08T12:00:00Z,1.16143,1.16375,1.16055,1.1632,8861,10,0
2025-10-08T16:00:00Z,1.1632,1.16443,1.1598,1.1604700000000001,10507,10,0
2025-10-08T20:00:00Z,1.1605,1.16319,1.15991,1.16272,6079,10,0
2025-10-09T00:00:00Z,1.16226,1.16406,1.16206,1.16365,4419,10,0
2025-10-09T04:00:00Z,1.16365,1.16473,1.1635900000000001,1.1645,4601,10,0
2025-10-09T08:00:00Z,1.1645,1.16476,1.16026,1.1611799999999999,8945,10,0
2025-10-09T12:00:00Z,1.1612,1.16268,1.1604700000000001,1.16145,9917,10,0
2025-10-09T16:00:00Z,1.16145,1.16228,1.15467,1.15575,15746,10,0
2025-10-09T20:00:00Z,1.15575,1.15664,1.15416,1.15629,6658,10,0
2025-10-10T00:00:00Z,1.15527,1.15701,1.15527,1.15672,3325,10,0
2025-10-10T04:00:00Z,1.15672,1.15736,1.1562000000000001,1.15731,3959,10,0
2025-10-10T08:00:00Z,1.15731,1.1589,1.15605,1.15784,8718,10,0
2025-10-10T12:00:00Z,1.15784,1.1583,1.15588,1.15714,8535,10,0
2025-10-10T16:00:00Z,1.1571500000000001,1.1630099999999999,1.15614,1.16053,16239,10,0
2025-10-10T20:00:00Z,1.16052,1.16273,1.15965,1.16173,6612,10,0
2025-10-13T00:00:00Z,1.16106,1.16154,1.15916,1.16153,6581,10,0
2025-10-13T04:00:00Z,1.16165,1.16271,1.16093,1.16198,5150,10,0
2025-10-13T08:00:00Z,1.16199,1.16293,1.15811,1.1585,9610,10,0
2025-10-13T12:00:00Z,1.1585,1.15977,1.15613,1.1568100000000001,8768,10,0
2025-10-13T16:00:00Z,1.1568,1.15787,1.15571,1.15749,9400,10,0
2025-10-13T20:00:00Z,1.15749,1.15772,1.15646,1.1569,3810,10,0
2025-10-14T00:00:00Z,1.15668,1.15733,1.15545,1.15606,3510,10,0
2025-10-14T04:00:00Z,1.15608,1.15921,1.15602,1.15914,5212,10,0
2025-10-14T08:00:00Z,1.15914,1.15932,1.15419,1.15584,12480,10,0
2025-10-14T12:00:00Z,1.15584,1.15647,1.15458,1.15552,10594,10,0
2025-10-14T16:00:00Z,1.15552,1.16143,1.15539,1.16088,15140,10,0
2025-10-14T20:00:00Z,1.16083,1.16117,1.15994,1.16066,6146,10,0
2025-10-15T00:00:00Z,1.16048,1.16136,1.16013,1.161,3191,10,0
2025-10-15T04:00:00Z,1.161,1.16254,1.16066,1.16178,5435,10,0
2025-10-15T08:00:00Z,1.16178,1.16448,1.16171,1.16321,8651,10,0
2025-10-15T12:00:00Z,1.1632,1.16388,1.16133,1.16172,8304,10,0
2025-10-15T16:00:00Z,1.16172,1.16466,1.161,1.1639599999999999,12107,10,0
2025-10-15T20:00:00Z,1.1639599999999999,1.16472,1.16265,1.16458,5848,10,0
2025-10-16T00:00:00Z,1.16419,1.16665,1.16406,1.16627,4041,10,0
2025-10-16T04:00:00Z,1.16629,1.16748,1.16553,1.16557,5933,10,0
2025-10-16T08:00:00Z,1.16555,1.16675,1.16426,1.16585,9555,10,0
2025-10-16T12:00:00Z,1.16585,1.16635,1.1645699999999999,1.16601,9464,10,0
2025-10-16T16:00:00Z,1.16605,1.16785,1.16496,1.16765,12532,10,0
2025-10-16T20:00:00Z,1.16765,1.16936,1.16763,1.16861,7803,10,0
2025-10-17T00:00:00Z,1.16821,1.17109,1.1682,1.17063,3834,10,0
2025-10-17T04:00:00Z,1.17062,1.17119,1.16948,1.17095,5912,10,0
2025-10-17T08:00:00Z,1.17095,1.17279,1.16911,1.16968,12170,10,0
2025-10-17T12:00:00Z,1.16968,1.17072,1.16665,1.16759,10879,10,0
2025-10-17T16:00:00Z,1.16759,1.1681,1.16562,1.16704,12423,10,0
2025-10-17T20:00:00Z,1.16704,1.16753,1.16491,1.16492,5551,10,0
2025-10-20T00:00:00Z,1.16621,1.16661,1.16513,1.1666,4126,10,0
2025-10-20T04:00:00Z,1.16661,1.1673499999999999,1.16561,1.16709,4095,10,0
2025-10-20T08:00:00Z,1.16709,1.1675,1.16532,1.1663000000000001,7666,10,0
2025-10-20T12:00:00Z,1.1663000000000001,1.16672,1.16439,1.16529,8929,10,0
2025-10-20T16:00:00Z,1.1653,1.1663999999999999,1.1646,1.16493,8524,10,0
2025-10-20T20:00:00Z,1.1649,1.16525,1.16378,1.16397,3922,10,0
2025-10-21T00:00:00Z,1.16397,1.16547,1.16392,1.16526,2641,10,0
2025-10-21T04:00:00Z,1.16526,1.16526,1.16315,1.16354,4890,10,0
2025-10-21T08:00:00Z,1.16355,1.16372,1.16123,1.16207,8699,10,0
2025-10-21T12:00:00Z,1.16208,1.16266,1.16015,1.16107,10103,10,0
2025-10-21T16:00:00Z,1.16106,1.16241,1.15973,1.16085,12476,10,0
2025-10-21T20:00:00Z,1.16084,1.16097,1.15981,1.15982,4494,10,0
2025-10-22T00:00:00Z,1.15982,1.16074,1.15975,1.1604,2772,10,0
2025-10-22T04:00:00Z,1.16042,1.16104,1.16009,1.16086,3386,10,0
2025-10-22T08:00:00Z,1.16086,1.16153,1.15894,1.15971,8276,10,0
2025-10-22T12:00:00Z,1.1597,1.16016,1.15764,1.15826,8143,10,0
2025-10-22T16:00:00Z,1.15826,1.1622,1.1581299999999999,1.16191,10839,10,0
2025-10-22T20:00:00Z,1.1619,1.162,1.16044,1.1608100000000001,4501,10,0
2025-10-23T00:00:00Z,1.16072,1.1614,1.15972,1.16037,2779,10,0
2025-10-23T04:00:00Z,1.16039,1.16051,1.15901,1.15983,3316,10,0
2025-10-23T08:00:00Z,1.15983,1.1605699999999999,1.15902,1.1595900000000001,6290,10,0
2025-10-23T12:00:00Z,1.15958,1.16055,1.1585,1.16001,6289,10,0
2025-10-23T16:00:00Z,1.16001,1.16194,1.15977,1.16063,8849,10,0
2025-10-23T20:00:00Z,1.16063,1.16196,1.16039,1.16166,3741,10,0
2025-10-24T00:00:00Z,1.1614,1.16211,1.16129,1.16175,2335,10,0
2025-10-24T04:00:00Z,1.16175,1.16182,1.16052,1.16072,3239,10,0
2025-10-24T08:00:00Z,1.16072,1.1627399999999999,1.16004,1.16096,7255,10,0
2025-10-24T12:00:00Z,1.1609,1.16475,1.16049,1.16337,8579,10,0
2025-10-24T16:00:00Z,1.16337,1.1643,1.16177,1.16251,11038,10,0
2025-10-24T20:00:00Z,1.1625,1.16355,1.16202,1.16248,3950,10,0
2025-10-27T00:00:00Z,1.16339,1.16371,1.16229,1.16344,3844,10,0
2025-10-27T04:00:00Z,1.16343,1.16472,1.16204,1.16239,3414,10,0
2025-10-27T08:00:00Z,1.16239,1.16327,1.16172,1.16277,5990,10,0
2025-10-27T12:00:00Z,1.16276,1.1651,1.16256,1.16408,7153,10,0
2025-10-27T16:00:00Z,1.16408,1.16425,1.1631,1.16381,7525,10,0
2025-10-27T20:00:00Z,1.16382,1.16516,1.16346,1.16428,3989,10,0
2025-10-28T00:00:00Z,1.16429,1.16585,1.16428,1.16551,3108,10,0
2025-10-28T04:00:00Z,1.1655,1.1667,1.16535,1.16657,4314,10,0
2025-10-28T08:00:00Z,1.16658,1.16675,1.1648100000000001,1.16517,6516,10,0
2025-10-28T12:00:00Z,1.16515,1.16645,1.16346,1.16397,6675,10,0
2025-10-28T16:00:00Z,1.16397,1.16673,1.16251,1.16673,10145,10,0
2025-10-28T20:00:00Z,1.1667399999999999,1.16683,1.16505,1.16506,4781,10,0
2025-10-29T00:00:00Z,1.16496,1.16604,1.16478,1.16538,3620,10,0
2025-10-29T04:00:00Z,1.16538,1.16554,1.16311,1.16336,4148,10,0
2025-10-29T08:00:00Z,1.16336,1.16374,1.16227,1.16227,6114,10,0
2025-10-29T12:00:00Z,1.16227,1.16483,1.16183,1.16334,7277,10,0
2025-10-29T16:00:00Z,1.16334,1.16655,1.16311,1.16567,9227,10,0
2025-10-29T20:00:00Z,1.16567,1.16585,1.15772,1.15994,14224,10,0
2025-10-30T00:00:00Z,1.15997,1.16149,1.15964,1.16115,3100,10,0
2025-10-30T04:00:00Z,1.16115,1.16369,1.16065,1.16315,6970,10,0
2025-10-30T08:00:00Z,1.16315,1.16336,1.16065,1.16165,8456,10,0
2025-10-30T12:00:00Z,1.16165,1.16279,1.15528,1.15545,9205,10,0
2025-10-30T16:00:00Z,1.15545,1.15858,1.15466,1.15688,12314,10,0
2025-10-30T20:00:00Z,1.15688,1.1571799999999999,1.15599,1.15635,4665,10,0
2025-10-31T00:00:00Z,1.15632,1.15766,1.15627,1.15734,3098,10,0
2025-10-31T04:00:00Z,1.15734,1.15771,1.15645,1.15716,3715,10,0
2025-10-31T08:00:00Z,1.15716,1.1573,1.15545,1.157,5715,10,0
2025-10-31T12:00:00Z,1.15702,1.15765,1.15528,1.15554,6743,10,0
2025-10-31T16:00:00Z,1.15554,1.15558,1.15214,1.15297,11455,10,0
2025-10-31T20:00:00Z,1.15297,1.15382,1.15211,1.15347,4520,10,0
2025-11-03T00:00:00Z,1.15293,1.15373,1.15211,1.15266,5487,10,0
2025-11-03T04:00:00Z,1.15266,1.15371,1.15259,1.15346,2915,10,0
2025-11-03T08:00:00Z,1.15346,1.15408,1.15093,1.15139,6113,10,0
2025-11-03T12:00:00Z,1.15139,1.15215,1.15054,1.15106,6642,1,0
2025-11-03T16:00:00Z,1.15106,1.15373,1.1504699999999999,1.15266,8621,10,0
2025-11-03T20:00:00Z,1.15267,1.15305,1.15154,1.15176,3468,10,0
2025-11-04T00:00:00Z,1.15164,1.15204,1.14978,1.15095,3581,10,0
2025-11-04T04:00:00Z,1.15095,1.15171,1.15045,1.15121,3789,10,0
2025-11-04T08:00:00Z,1.15121,1.15331,1.14995,1.15006,7612,10,0
2025-11-04T12:00:00Z,1.15006,1.15095,1.14764,1.14917,6967,10,0
2025-11-04T16:00:00Z,1.1491500000000001,1.14963,1.14727,1.14835,8249,10,0
2025-11-04T20:00:00Z,1.14835,1.14867,1.14747,1.14812,4004,10,0
2025-11-05T00:00:00Z,1.14808,1.14975,1.14782,1.1489,4039,10,0
2025-11-05T04:00:00Z,1.14894,1.14937,1.14846,1.14913,3608,10,0
2025-11-05T08:00:00Z,1.14913,1.1494900000000001,1.1481,1.1484,5378,10,0
2025-11-05T12:00:00Z,1.1484,1.1493,1.14724,1.14733,6347,10,0
2025-11-05T16:00:00Z,1.1473,1.14926,1.14685,1.148,10062,10,0
2025-11-05T20:00:00Z,1.148,1.14939,1.14783,1.1491500000000001,3326,10,0
2025-11-06T00:00:00Z,1.149,1.15085,1.14889,1.15068,2959,10,0
2025-11-06T04:00:00Z,1.15067,1.15106,1.15028,1.15097,2585,10,0
2025-11-06T08:00:00Z,1.15097,1.15233,1.15048,1.15131,6026,10,0
2025-11-06T12:00:00Z,1.15131,1.15436,1.1509800000000001,1.15351,7244,10,0
2025-11-06T16:00:00Z,1.15351,1.15424,1.15186,1.1540300000000001,10366,10,0
2025-11-06T20:00:00Z,1.1540300000000001,1.15518,1.15388,1.15459,4301,10,0
2025-11-07T00:00:00Z,1.15414,1.1551,1.15357,1.15375,4720,10,0
2025-11-07T04:00:00Z,1.15375,1.15425,1.15319,1.15336,2992,10,0
2025-11-07T08:00:00Z,1.15341,1.15418,1.1529099999999999,1.15377,5311,10,0
2025-11-07T12:00:00Z,1.15377,1.15692,1.15371,1.15671,7380,10,0
2025-11-07T16:00:00Z,1.15671,1.15906,1.15649,1.158,8644,10,0
2025-11-07T20:00:00Z,1.158,1.1583,1.15551,1.15637,4100,10,0
2025-11-10T00:00:00Z,1.15542,1.15599,1.1541,1.15576,5309,10,0
2025-11-10T04:00:00Z,1.15577,1.1566,1.15509,1.15613,3641,10,0
2025-11-10T08:00:00Z,1.15614,1.15825,1.15509,1.15678,6325,10,0
2025-11-10T12:00:00Z,1.15678,1.15775,1.15538,1.15675,6583,10,0
2025-11-10T16:00:00Z,1.15674,1.1568,1.15408,1.15601,7983,10,0
2025-11-10T20:00:00Z,1.15601,1.15643,1.15548,1.1556,3389,10,0
2025-11-11T00:00:00Z,1.15526,1.15598,1.15467,1.15542,3581,10,0
2025-11-11T04:00:00Z,1.15542,1.15646,1.15514,1.15611,2997,10,0
2025-11-11T08:00:00Z,1.15611,1.1568,1.15494,1.15644,6309,10,0
2025-11-11T12:00:00Z,1.15643,1.16053,1.15621,1.16005,7376,10,0
2025-11-11T16:00:00Z,1.16007,1.16045,1.15902,1.15946,7668,10,0
2025-11-11T20:00:00Z,1.15944,1.1595,1.15798,1.15808,3398,10,0
2025-11-12T00:00:00Z,1.15831,1.15867,1.15741,1.1575,3074,10,0
2025-11-12T04:00:00Z,1.1575,1.15811,1.15695,1.15757,3166,10,0
2025-11-12T08:00:00Z,1.15757,1.15879,1.15679,1.15692,6180,10,0
2025-11-12T12:00:00Z,1.15697,1.15798,1.15646,1.15716,6709,10,0
2025-11-12T16:00:00Z,1.15716,1.15973,1.15626,1.15926,8375,10,0
2025-11-12T20:00:00Z,1.15926,1.15938,1.15836,1.15916,3383,10,0
2025-11-13T00:00:00Z,1.15907,1.15937,1.15785,1.1589,4235,10,0
2025-11-13T04:00:00Z,1.15891,1.1592500000000001,1.15799,1.15814,3249,10,0
2025-11-13T08:00:00Z,1.15812,1.16344,1.15807,1.16161,7647,10,0
2025-11-13T12:00:00Z,1.16161,1.16244,1.16043,1.162,7443,10,0
2025-11-13T16:00:00Z,1.162,1.16556,1.16167,1.16507,10701,10,0
2025-11-13T20:00:00Z,1.16506,1.16513,1.16303,1.16328,5249,10,0
2025-11-14T00:00:00Z,1.1629,1.16385,1.1623,1.16328,4344,10,0
2025-11-14T04:00:00Z,1.16327,1.16478,1.16293,1.16473,4059,10,0
2025-11-14T08:00:00Z,1.16473,1.1648100000000001,1.16198,1.16215,9000,10,0
2025-11-14T12:00:00Z,1.1621299999999999,1.16534,1.16085,1.16372,10140,10,0
2025-11-14T16:00:00Z,1.16373,1.16379,1.16058,1.16135,11194,10,0
2025-11-14T20:00:00Z,1.16135,1.16231,1.16092,1.16196,4464,10,0
2025-11-17T00:00:00Z,1.16121,1.1623999999999999,1.16046,1.1606,3807,10,0
2025-11-17T04:00:00Z,1.1606,1.16061,1.1595900000000001,1.15998,3056,10,0
2025-11-17T08:00:00Z,1.15998,1.16144,1.15947,1.16009,5713,10,0
2025-11-17T12:00:00Z,1.16009,1.16076,1.15881,1.1590799999999999,6590,10,0
2025-11-17T16:00:00Z,1.15905,1.16014,1.15814,1.15933,7312,10,0
2025-11-17T20:00:00Z,1.15934,1.15947,1.15821,1.1590799999999999,4813,10,0
2025-11-18T00:00:00Z,1.15888,1.15937,1.15841,1.15903,3010,10,0
2025-11-18T04:00:00Z,1.15903,1.16033,1.15877,1.15975,4355,10,0
2025-11-18T08:00:00Z,1.15975,1.16059,1.15869,1.15889,7660,10,0
2025-11-18T12:00:00Z,1.15889,1.16015,1.15793,1.15964,7315,10,0
2025-11-18T16:00:00Z,1.15963,1.16074,1.15711,1.1575,9723,10,0
2025-11-18T20:00:00Z,1.15751,1.15866,1.15747,1.15791,4092,10,0
2025-11-19T00:00:00Z,1.15744,1.15845,1.15743,1.15763,3991,10,0
2025-11-19T04:00:00Z,1.15763,1.15904,1.1572,1.15885,4071,10,0
2025-11-19T08:00:00Z,1.15885,1.15968,1.15651,1.15727,6721,10,0
2025-11-19T12:00:00Z,1.15728,1.15905,1.15671,1.15723,7812,10,0
2025-11-19T16:00:00Z,1.15724,1.15734,1.15256,1.15327,10266,10,0
2025-11-19T20:00:00Z,1.15328,1.1538,1.15176,1.15371,5953,10,0
2025-11-20T00:00:00Z,1.15367,1.15417,1.15219,1.15224,4100,10,0
2025-11-20T04:00:00Z,1.15224,1.1522999999999999,1.15095,1.15151,3935,10,0
2025-11-20T08:00:00Z,1.15151,1.15274,1.15111,1.1527,7351,10,0
2025-11-20T12:00:00Z,1.1527,1.15392,1.15014,1.15273,9260,10,0
2025-11-20T16:00:00Z,1.15272,1.15495,1.15196,1.15282,13292,10,0
2025-11-20T20:00:00Z,1.15282,1.15402,1.15235,1.15271,4786,10,0
2025-11-21T00:00:00Z,1.15236,1.15379,1.15223,1.1532,4711,10,0
2025-11-21T04:00:00Z,1.1532,1.15415,1.15318,1.15346,4177,10,0
2025-11-21T08:00:00Z,1.15346,1.1552,1.15245,1.15248,8828,10,0
2025-11-21T12:00:00Z,1.15248,1.15266,1.14962,1.15202,9807,10,0
2025-11-21T16:00:00Z,1.15202,1.15229,1.14907,1.15067,11572,10,0
2025-11-21T20:00:00Z,1.15068,1.15202,1.15016,1.15118,5237,10,0
2025-11-24T00:00:00Z,1.15103,1.15141,1.15014,1.15099,2797,10,0
2025-11-24T04:00:00Z,1.151,1.15279,1.15099,1.1522000000000001,3458,10,0
2025-11-24T08:00:00Z,1.1522000000000001,1.1534,1.15092,1.15294,6761,10,0
2025-11-24T12:00:00Z,1.15294,1.155,1.15293,1.1538,6649,10,0
2025-11-24T16:00:00Z,1.1538,1.15407,1.15111,1.15175,7823,10,0
2025-11-24T20:00:00Z,1.15174,1.15287,1.15168,1.15199,3543,10,0
2025-11-25T00:00:00Z,1.15176,1.15295,1.15176,1.15253,3325,10,0
2025-11-25T04:00:00Z,1.1525400000000001,1.15298,1.15112,1.15165,3039,10,0
2025-11-25T08:00:00Z,1.15164,1.15361,1.15144,1.15336,6360,10,0
2025-11-25T12:00:00Z,1.15335,1.15616,1.15242,1.15578,8900,10,0
2025-11-25T16:00:00Z,1.15578,1.1583700000000001,1.15496,1.15818,11406,10,0
2025-11-25T20:00:00Z,1.15824,1.15856,1.15576,1.15682,5480,10,0
2025-11-26T00:00:00Z,1.1567,1.15826,1.15628,1.15767,4875,10,0
2025-11-26T04:00:00Z,1.15767,1.15912,1.15743,1.15904,5450,10,0
2025-11-26T08:00:00Z,1.15904,1.15955,1.15653,1.15714,7671,10,0
2025-11-26T12:00:00Z,1.15716,1.1583700000000001,1.15481,1.15519,11695,10,0
2025-11-26T16:00:00Z,1.15519,1.16004,1.15467,1.1592500000000001,10553,10,0
2025-11-26T20:00:00Z,1.15924,1.1596899999999999,1.15887,1.15958,3539,10,0
2025-11-27T00:00:00Z,1.15882,1.16122,1.1588,1.16087,3562,10,0
2025-11-27T04:00:00Z,1.16093,1.16131,1.15995,1.16017,4363,10,0
2025-11-27T08:00:00Z,1.16018,1.16049,1.15761,1.15771,6118,10,0
2025-11-27T12:00:00Z,1.15771,1.15964,1.15766,1.15945,5490,10,0
2025-11-27T16:00:00Z,1.15944,1.16011,1.1589800000000001,1.15945,4029,10,0
2025-11-27T20:00:00Z,1.15945,1.15965,1.15907,1.15944,1299,10,0
2025-11-28T00:00:00Z,1.15917,1.16015,1.15811,1.15825,3629,10,0
2025-11-28T04:00:00Z,1.15827,1.15923,1.15811,1.15881,9788,10,0
2025-11-28T08:00:00Z,1.15875,1.15899,1.1565699999999999,1.15672,19058,10,0
2025-11-28T12:00:00Z,1.1568100000000001,1.15781,1.15546,1.1574200000000001,14035,10,0
2025-11-28T16:00:00Z,1.15741,1.16071,1.15707,1.16023,8941,10,0
2025-11-28T20:00:00Z,1.16023,1.16041,1.15947,1.15951,4176,10,0
2025-12-01T00:00:00Z,1.159,1.16153,1.15889,1.1604700000000001,5778,10,0
2025-12-01T04:00:00Z,1.1604700000000001,1.16053,1.1589,1.15975,4836,10,0
2025-12-01T08:00:00Z,1.15973,1.16231,1.159,1.16217,8303,10,0
2025-12-01T12:00:00Z,1.16217,1.16515,1.16185,1.16445,8325,10,0
2025-12-01T16:00:00Z,1.16445,1.1644700000000001,1.16175,1.16202,10136,10,0
2025-12-01T20:00:00Z,1.16202,1.1623,1.16062,1.16075,3445,10,0
2025-12-02T00:00:00Z,1.16068,1.16107,1.16033,1.16088,2568,10,0
2025-12-02T04:00:00Z,1.16087,1.16137,1.16067,1.16095,2668,10,0
2025-12-02T08:00:00Z,1.16095,1.16159,1.16023,1.16098,5458,10,0
2025-12-02T12:00:00Z,1.16098,1.16192,1.1598,1.16172,6309,10,0
2025-12-02T16:00:00Z,1.16172,1.16228,1.1590799999999999,1.16068,9812,10,0
2025-12-02T20:00:00Z,1.16068,1.16254,1.16052,1.16236,4255,10,0
2025-12-03T00:00:00Z,1.1620300000000001,1.16371,1.16174,1.16364,2931,10,0
2025-12-03T04:00:00Z,1.16365,1.16432,1.16349,1.16422,2481,10,0
2025-12-03T08:00:00Z,1.16422,1.16523,1.16353,1.16451,6608,10,0
2025-12-03T12:00:00Z,1.16451,1.16748,1.16444,1.16659,7136,10,0
2025-12-03T16:00:00Z,1.16658,1.16703,1.16541,1.16681,10077,10,0
2025-12-03T20:00:00Z,1.16683,1.16771,1.16638,1.16698,3747,10,0
2025-12-04T00:00:00Z,1.16645,1.16726,1.16585,1.16628,3127,10,0
2025-12-04T04:00:00Z,1.16628,1.16635,1.16528,1.16592,3642,10,0
2025-12-04T08:00:00Z,1.16593,1.16815,1.16525,1.16772,6139,10,0
2025-12-04T12:00:00Z,1.16772,1.16804,1.1651799999999999,1.16644,7364,10,0
2025-12-04T16:00:00Z,1.16644,1.16764,1.16526,1.16557,8494,10,0
2025-12-04T20:00:00Z,1.16556,1.16593,1.16406,1.16435,4087,10,0
2025-12-05T00:00:00Z,1.16417,1.16532,1.16406,1.1653,2769,10,0
2025-12-05T04:00:00Z,1.1653,1.16587,1.1646,1.16587,3172,10,0
2025-12-05T08:00:00Z,1.16587,1.16713,1.16478,1.1654,5787,10,0
2025-12-05T12:00:00Z,1.1654,1.16564,1.16411,1.16513,6482,10,0
2025-12-05T16:00:00Z,1.16513,1.16597,1.16275,1.16437,10247,10,0
2025-12-05T20:00:00Z,1.16437,1.16482,1.16394,1.16419,4113,10,0
2025-12-08T00:00:00Z,1.16329,1.16529,1.16329,1.16511,5391,10,0
2025-12-08T04:00:00Z,1.16514,1.16558,1.16482,1.16556,4253,10,0
2025-12-08T08:00:00Z,1.16556,1.16717,1.16475,1.16482,7353,10,0
2025-12-08T12:00:00Z,1.16482,1.1656900000000001,1.16453,1.1648,7383,10,0
2025-12-08T16:00:00Z,1.1648,1.16543,1.1616,1.1638600000000001,10117,10,0
2025-12-08T20:00:00Z,1.16387,1.16414,1.16338,1.16357,4578,10,0
2025-12-09T00:00:00Z,1.16316,1.16472,1.16316,1.16468,3609,10,0
2025-12-09T04:00:00Z,1.16468,1.16498,1.16432,1.1648399999999999,4066,10,0
2025-12-09T08:00:00Z,1.1648399999999999,1.16568,1.16332,1.16519,6793,10,0
2025-12-09T12:00:00Z,1.16519,1.16538,1.16286,1.16341,7218,10,0
2025-12-09T16:00:00Z,1.16341,1.16406,1.16146,1.16237,9926,10,0
2025-12-09T20:00:00Z,1.16236,1.16316,1.16164,1.16251,3714,10,0
2025-12-10T00:00:00Z,1.1625,1.16284,1.16219,1.16233,3064,10,0
2025-12-10T04:00:00Z,1.16233,1.16305,1.1621299999999999,1.16293,2982,10,0
2025-12-10T08:00:00Z,1.16293,1.16573,1.16282,1.16361,6231,10,0
2025-12-10T12:00:00Z,1.16361,1.16419,1.16271,1.16397,6826,10,0
2025-12-10T16:00:00Z,1.1639599999999999,1.16597,1.16334,1.16582,8636,10,0
2025-12-10T20:00:00Z,1.16582,1.16993,1.16434,1.16942,12958,10,0
2025-12-11T00:00:00Z,1.16936,1.17069,1.16858,1.17014,4711,10,0
2025-12-11T04:00:00Z,1.17013,1.17056,1.16841,1.1685,4565,10,0
2025-12-11T08:00:00Z,1.16851,1.17061,1.16818,1.17016,6863,10,0
2025-12-11T12:00:00Z,1.17016,1.1736,1.16984,1.17305,8144,10,0
2025-12-11T16:00:00Z,1.17306,1.1762299999999999,1.17299,1.17547,10405,10,0
2025-12-11T20:00:00Z,1.17547,1.1758899999999999,1.17362,1.17374,4776,10,0
2025-12-12T00:00:00Z,1.17382,1.17459,1.17323,1.17346,3888,10,0
2025-12-12T04:00:00Z,1.1734499999999999,1.17389,1.17307,1.17381,3523,10,0
2025-12-12T08:00:00Z,1.17381,1.17429,1.17264,1.17324,6976,10,0
2025-12-12T12:00:00Z,1.17324,1.17346,1.17191,1.17269,6437,10,0
2025-12-12T16:00:00Z,1.17269,1.17477,1.17228,1.17473,9254,10,0
2025-12-12T20:00:00Z,1.17473,1.17494,1.17349,1.17385,4953,10,0
2025-12-15T00:00:00Z,1.17298,1.1742,1.17273,1.1741,3657,10,0
2025-12-15T04:00:00Z,1.1741,1.17444,1.17313,1.17341,4495,10,0
2025-12-15T08:00:00Z,1.1734,1.17431,1.17259,1.17429,6724,10,0
2025-12-15T12:00:00Z,1.17429,1.17594,1.17385,1.17471,5715,10,0
2025-12-15T16:00:00Z,1.17468,1.1768399999999999,1.17436,1.17455,9723,10,0
2025-12-15T20:00:00Z,1.17455,1.17526,1.17379,1.17522,3610,10,0
2025-12-16T00:00:00Z,1.17494,1.17575,1.17459,1.17515,3795,10,0
2025-12-16T04:00:00Z,1.17515,1.17587,1.17488,1.1750099999999999,3901,10,0
2025-12-16T08:00:00Z,1.17499,1.17636,1.17439,1.17558,6572,10,0
2025-12-16T12:00:00Z,1.17558,1.17943,1.17513,1.17754,9308,10,0
2025-12-16T16:00:00Z,1.17753,1.18035,1.17608,1.17634,12096,10,0
2025-12-16T20:00:00Z,1.17634,1.17635,1.17346,1.17456,6126,10,0
2025-12-17T00:00:00Z,1.17451,1.1751800000000001,1.17447,1.17469,3569,10,0
2025-12-17T04:00:00Z,1.17469,1.17476,1.17244,1.17287,4464,10,0
2025-12-17T08:00:00Z,1.17287,1.17301,1.17027,1.17156,8432,10,0
2025-12-17T12:00:00Z,1.17155,1.17328,1.17073,1.17314,8772,10,0
2025-12-17T16:00:00Z,1.17313,1.17576,1.17278,1.17489,10258,10,0
2025-12-17T20:00:00Z,1.17488,1.17551,1.17381,1.17392,4317,10,0
2025-12-18T00:00:00Z,1.17372,1.17454,1.17347,1.1738,3228,10,0
2025-12-18T04:00:00Z,1.1738,1.17464,1.17363,1.17454,3488,10,0
2025-12-18T08:00:00Z,1.17454,1.1749100000000001,1.17168,1.17215,6536,10,0
2025-12-18T12:00:00Z,1.17215,1.17621,1.17122,1.17464,9579,10,0
2025-12-18T16:00:00Z,1.17459,1.17551,1.17148,1.17178,12590,10,0
2025-12-18T20:00:00Z,1.1718,1.17273,1.17148,1.17224,4045,10,0
2025-12-19T00:00:00Z,1.17156,1.1728399999999999,1.17156,1.1724,4013,10,0
2025-12-19T04:00:00Z,1.17239,1.17281,1.17151,1.17196,3802,10,0
2025-12-19T08:00:00Z,1.17195,1.17212,1.17029,1.17117,7833,10,0
2025-12-19T12:00:00Z,1.17117,1.1718899999999999,1.17024,1.1718899999999999,7099,10,0
2025-12-19T16:00:00Z,1.1719,1.17373,1.1708,1.17188,9044,10,0
2025-12-19T20:00:00Z,1.17188,1.17267,1.17046,1.17068,4140,10,0
2025-12-22T00:00:00Z,1.17139,1.1719,1.17056,1.17168,4954,10,0
2025-12-22T04:00:00Z,1.17168,1.17217,1.17131,1.17168,2755,10,0
2025-12-22T08:00:00Z,1.17168,1.17378,1.17126,1.17296,5593,10,0
2025-12-22T12:00:00Z,1.17296,1.1754,1.17283,1.17502,7072,10,0
2025-12-22T16:00:00Z,1.1750099999999999,1.17689,1.17446,1.17577,7386,10,0
2025-12-22T20:00:00Z,1.17576,1.17614,1.17484,1.17604,3174,10,0
2025-12-23T00:00:00Z,1.17533,1.17757,1.1752,1.17726,4805,10,0
2025-12-23T04:00:00Z,1.17726,1.178,1.17721,1.17746,4055,10,0
2025-12-23T08:00:00Z,1.17746,1.17924,1.17681,1.17922,6884,10,0
2025-12-23T12:00:00Z,1.17922,1.18015,1.17737,1.17743,9403,10,0
2025-12-23T16:00:00Z,1.17744,1.17799,1.17635,1.17703,10472,10,0
2025-12-23T20:00:00Z,1.17703,1.17963,1.1769,1.1791800000000001,4834,10,0
2025-12-24T00:00:00Z,1.1789399999999999,1.18058,1.17885,1.18049,5108,10,0
2025-12-24T04:00:00Z,1.1804999999999999,1.18075,1.17854,1.17985,4664,10,0
2025-12-24T08:00:00Z,1.17985,1.18035,1.17791,1.17992,8008,10,0
2025-12-24T12:00:00Z,1.17992,1.17995,1.17835,1.17848,6421,10,0
2025-12-24T16:00:00Z,1.17843,1.17864,1.17722,1.1776200000000001,7705,10,0
2025-12-24T20:00:00Z,1.17761,1.17816,1.17738,1.17758,2738,10,0
2025-12-26T00:00:00Z,1.17765,1.17915,1.17763,1.17869,6772,10,0
2025-12-26T04:00:00Z,1.17869,1.17932,1.1779600000000001,1.1785700000000001,4279,10,0
2025-12-26T08:00:00Z,1.1785700000000001,1.17873,1.1766,1.17698,6127,10,0
2025-12-26T12:00:00Z,1.17698,1.17963,1.17685,1.1791,6069,10,0
2025-12-26T16:00:00Z,1.17912,1.1794,1.17611,1.17696,8717,10,0
2025-12-26T20:00:00Z,1.17698,1.17812,1.17652,1.17695,5268,10,0
2025-12-29T00:00:00Z,1.17633,1.17858,1.17633,1.17836,4116,10,0
2025-12-29T04:00:00Z,1.17836,1.17848,1.17534,1.17556,3851,10,0
2025-12-29T08:00:00Z,1.17556,1.17886,1.17539,1.17759,6899,10,0
2025-12-29T12:00:00Z,1.17759,1.1779600000000001,1.17551,1.17694,7566,10,0
2025-12-29T16:00:00Z,1.17694,1.17883,1.1749,1.17516,9682,10,0
2025-12-29T20:00:00Z,1.17516,1.17743,1.17502,1.17708,3257,10,0
2025-12-30T00:00:00Z,1.1766,1.17746,1.17615,1.1774499999999999,3302,10,0
2025-12-30T04:00:00Z,1.1774499999999999,1.17785,1.177,1.17747,3022,10,0
2025-12-30T08:00:00Z,1.17747,1.17794,1.17638,1.17683,5792,10,0
2025-12-30T12:00:00Z,1.17683,1.1777,1.1755,1.17629,7210,10,0
2025-12-30T16:00:00Z,1.17629,1.17661,1.17448,1.17555,8148,10,0
2025-12-30T20:00:00Z,1.17556,1.1759,1.17429,1.17464,3439,10,0
2025-12-31T00:00:00Z,1.17421,1.17487,1.17414,1.17421,2135,10,0
2025-12-31T04:00:00Z,1.17421,1.17431,1.17326,1.17381,2979,10,0
2025-12-31T08:00:00Z,1.17381,1.17394,1.17196,1.1734499999999999,5575,10,0
2025-12-31T12:00:00Z,1.17346,1.1759,1.17282,1.17414,7158,10,0
2025-12-31T16:00:00Z,1.17415,1.17484,1.17198,1.17354,10258,10,0
2025-12-31T20:00:00Z,1.17355,1.17526,1.173,1.17444,4349,10,0
2026-01-02T00:00:00Z,1.17447,1.1762299999999999,1.17447,1.17605,2567,10,0
2026-01-02T04:00:00Z,1.17605,1.17645,1.17503,1.17509,2699,10,0
2026-01-02T08:00:00Z,1.17509,1.17509,1.17202,1.1721,6655,10,0
2026-01-02T12:00:00Z,1.1721,1.17286,1.17129,1.17212,6401,10,0
2026-01-02T16:00:00Z,1.1721300000000001,1.17538,1.17153,1.17302,8763,10,0
2026-01-02T20:00:00Z,1.17302,1.1730800000000001,1.17138,1.17183,4765,10,0
2026-01-05T00:00:00Z,1.17185,1.17198,1.16994,1.16999,5136,10,0
2026-01-05T04:00:00Z,1.16999,1.17012,1.16719,1.16849,4913,10,0
2026-01-05T08:00:00Z,1.16849,1.1694499999999999,1.16733,1.1682,7124,10,0
2026-01-05T12:00:00Z,1.1682,1.16905,1.16585,1.16741,8550,10,0
2026-01-05T16:00:00Z,1.16741,1.17193,1.16728,1.1714,10668,10,0
2026-01-05T20:00:00Z,1.1714,1.17283,1.17129,1.17202,4432,10,0
2026-01-06T00:00:00Z,1.17175,1.1724999999999999,1.17102,1.1724999999999999,3635,10,0
2026-01-06T04:00:00Z,1.1724999999999999,1.17378,1.17217,1.17283,4161,10,0
2026-01-06T08:00:00Z,1.1728399999999999,1.17424,1.17076,1.1712799999999999,7343,10,0
2026-01-06T12:00:00Z,1.1712799999999999,1.17167,1.16967,1.17106,7498,10,0
2026-01-06T16:00:00Z,1.17106,1.17171,1.16835,1.17002,10292,10,0
2026-01-06T20:00:00Z,1.17002,1.17017,1.16834,1.16872,4232,10,0
2026-01-07T00:00:00Z,1.1684,1.17001,1.16831,1.16952,3390,10,0
2026-01-07T04:00:00Z,1.16952,1.17023,1.16904,1.16927,3913,10,0
2026-01-07T08:00:00Z,1.16927,1.16991,1.16724,1.16838,6329,10,0
2026-01-07T12:00:00Z,1.16838,1.16944,1.16807,1.16912,6890,10,0
2026-01-07T16:00:00Z,1.16911,1.16982,1.1679599999999999,1.1687400000000001,10305,10,0
2026-01-07T20:00:00Z,1.16876,1.16898,1.16732,1.16744,4022,10,0
2026-01-08T00:00:00Z,1.16729,1.16776,1.16724,1.16743,2211,10,0
2026-01-08T04:00:00Z,1.16744,1.16825,1.16722,1.1682,3445,10,0
2026-01-08T08:00:00Z,1.1682,1.16825,1.16685,1.16763,6582,10,0
2026-01-08T12:00:00Z,1.16763,1.16815,1.16578,1.16624,6349,10,0
2026-01-08T16:00:00Z,1.16624,1.1673499999999999,1.16432,1.16502,8875,10,0
2026-01-08T20:00:00Z,1.16501,1.16621,1.16422,1.16571,4460,10,0
2026-01-09T00:00:00Z,1.16562,1.16619,1.1648,1.16487,2850,10,0
2026-01-09T04:00:00Z,1.16487,1.16588,1.16455,1.16506,3601,10,0
2026-01-09T08:00:00Z,1.16506,1.16525,1.16397,1.1642000000000001,5642,10,0
2026-01-09T12:00:00Z,1.1642000000000001,1.16601,1.16252,1.16448,8185,10,0
2026-01-09T16:00:00Z,1.16441,1.1652,1.16177,1.16312,12225,10,0
2026-01-09T20:00:00Z,1.16314,1.16395,1.16281,1.16317,3903,10,0
2026-01-12T00:00:00Z,1.16268,1.16709,1.16212,1.16559,5772,10,0
2026-01-12T04:00:00Z,1.16557,1.16705,1.16525,1.16687,4068,10,0
2026-01-12T08:00:00Z,1.16687,1.16954,1.16636,1.16816,7522,10,0
2026-01-12T12:00:00Z,1.1681300000000001,1.16981,1.1675200000000001,1.16924,7217,10,0
2026-01-12T16:00:00Z,1.16922,1.16924,1.16657,1.16682,8864,10,0
2026-01-12T20:00:00Z,1.16682,1.16733,1.16626,1.16649,3266,10,0
2026-01-13T00:00:00Z,1.16661,1.16702,1.1656,1.16578,3671,10,0
2026-01-13T04:00:00Z,1.16581,1.16671,1.16561,1.16623,3643,10,0
2026-01-13T08:00:00Z,1.16624,1.16722,1.16534,1.16714,5889,10,0
2026-01-13T12:00:00Z,1.16714,1.16771,1.16497,1.1668,7469,10,0
2026-01-13T16:00:00Z,1.16679,1.16729,1.16337,1.16456,10300,10,0
2026-01-13T20:00:00Z,1.16456,1.16541,1.16411,1.16414,4299,10,0
2026-01-14T00:00:00Z,1.16402,1.16451,1.16365,1.16376,2737,10,0
2026-01-14T04:00:00Z,1.16376,1.16485,1.16358,1.16417,3108,10,0
2026-01-14T08:00:00Z,1.16416,1.16533,1.16405,1.16514,5525,10,0
2026-01-14T12:00:00Z,1.16513,1.16594,1.16434,1.16495,7706,10,0
2026-01-14T16:00:00Z,1.16495,1.16612,1.16451,1.16463,10205,10,0
2026-01-14T20:00:00Z,1.16462,1.16472,1.1635,1.1644,4751,10,0
2026-01-15T00:00:00Z,1.16435,1.16465,1.16327,1.16382,3768,10,0
2026-01-15T04:00:00Z,1.16382,1.16411,1.1633,1.16348,3347,10,0
2026-01-15T08:00:00Z,1.16347,1.16394,1.16256,1.16354,5893,10,0
2026-01-15T12:00:00Z,1.16354,1.16405,1.15984,1.16009,7021,10,0
2026-01-15T16:00:00Z,1.16009,1.16133,1.15926,1.16085,9291,10,0
2026-01-15T20:00:00Z,1.16084,1.1616900000000001,1.16024,1.16083,4272,10,0
2026-01-16T00:00:00Z,1.16036,1.16097,1.1602000000000001,1.16064,3239,10,0
2026-01-16T04:00:00Z,1.16064,1.16137,1.16055,1.16062,3421,10,0
2026-01-16T08:00:00Z,1.16062,1.16147,1.16038,1.16078,5344,10,0
2026-01-16T12:00:00Z,1.16079,1.16229,1.16076,1.16181,6106,10,0
2026-01-16T16:00:00Z,1.16181,1.16269,1.15841,1.15952,11406,10,0
2026-01-16T20:00:00Z,1.15952,1.16018,1.15889,1.15972,4109,10,0
2026-01-19T00:00:00Z,1.15786,1.16375,1.15767,1.1622,8740,10,0
2026-01-19T04:00:00Z,1.16222,1.16371,1.16153,1.1627,4654,10,0
2026-01-19T08:00:00Z,1.1627,1.1641,1.16192,1.16245,3900,10,0
