Name,Code,Expiry,Last Price,Change,High,Low,Open,Volume,Front Month
E-MINI EURO FX FUTURES,E7H6,MAR 2026,1.19720,+0.00050,1.20210,1.19630,1.19830,"3,201",true
E-MINI EURO FX FUTURES,E7H6,MAR 2026,1.19720,+0.00050,1.20210,1.19630,1.19830,"3,201",false
E-MINI EURO FX FUTURES,E7M6,JUN 2026,1.20280,+0.00110,1.20720,1.20160,1.20430,48,false
MICRO EUR/USD FUTURES,M6EH6,MAR 2026,1.1973,+0.0006,1.2022,1.1963,1.1981,"27,388",true
MICRO EUR/USD FUTURES,M6EH6,MAR 2026,1.1973,+0.0006,1.2022,1.1963,1.1981,"27,388",false
MICRO EUR/USD FUTURES,M6EM6,JUN 2026,1.2022,+0.0005,1.2072,1.2015,1.203,"2,054",false
ULTRA U.S. TREASURY BOND FUTURES,UBH6,MAR 2026,117'10,-0'10,117'28,116'30,117'22,"163,075",true
ULTRA U.S. TREASURY BOND FUTURES,UBH6,MAR 2026,117'10,-0'10,117'28,116'30,117'22,"163,075",false
ULTRA U.S. TREASURY BOND FUTURES,UBM6,JUN 2026,116'26,-0'14,116'28,116'19,116'28,12,false
ULTRA 10-YEAR U.S. TREASURY NOTE FUTURES,TNH6,MAR 2026,114'040,+0'010,114'095,113'285,114'050,"332,651",true
ULTRA 10-YEAR U.S. TREASURY NOTE FUTURES,TNH6,MAR 2026,114'040,+0'010,114'095,113'285,114'050,"332,651",false
ULTRA 10-YEAR U.S. TREASURY NOTE FUTURES,TNM6,JUN 2026,113'300,+0'020,113'300,113'300,113'300,8,false
U.S. TREASURY BOND FUTURES,ZBH6,MAR 2026,114'27,-0'08,115'09,114'18,115'04,"243,911",true
U.S. TREASURY BOND FUTURES,ZBH6,MAR 2026,114'27,-0'08,115'09,114'18,115'04,"243,911",false
U.S. TREASURY BOND FUTURES,ZBM6,JUN 2026,114'11,-0'09,114'20,114'04,114'20,313,false
U.S. TREASURY BOND FUTURES,ZBU6,SEP 2026,113'24,-0'14,113'24,113'24,113'24,1,false
10-YEAR T-NOTE FUTURES,ZNH6,MAR 2026,111'235,+0'030,111'260,111'165,111'225,"892,954",true
10-YEAR T-NOTE FUTURES,ZNH6,MAR 2026,111'235,+0'030,111'260,111'165,111'225,"892,954",false
10-YEAR T-NOTE FUTURES,ZNM6,JUN 2026,111'160,+0'015,111'200,111'105,111'170,"1,558",false
10-YEAR T-NOTE FUTURES,ZNU6,SEP 2026,111'100,-0'005,111'100,111'100,111'100,2,false
5-YEAR T-NOTE FUTURES,ZFH6,MAR 2026,108'267,+0'037,108'267,108'220,108'245,"613,675",true
5-YEAR T-NOTE FUTURES,ZFH6,MAR 2026,108'267,+0'037,108'267,108'220,108'245,"613,675",false
5-YEAR T-NOTE FUTURES,ZFM6,JUN 2026,108'227,+0'017,108'240,108'210,108'232,997,false
EURO FX FUTURES,6EH6,MAR 2026,1.19735,+0.0007,1.2022,1.1962,1.1982,"165,667",true
EURO FX FUTURES,6EG6,FEB 2026,1.1958,+0.00075,1.20025,1.1948,1.19875,"1,058",false
EURO FX FUTURES,6EH6,MAR 2026,1.19735,+0.0007,1.2022,1.1962,1.1982,"165,667",false
EURO FX FUTURES,6EJ6,APR 2026,1.20075,+0.00255,1.2034,1.1979,1.2014,184,false
EURO FX FUTURES,6EK6,MAY 2026,-,-,-,-,-,40,false
EURO FX FUTURES,6EM6,JUN 2026,1.20305,+0.00135,1.2072,1.20145,1.2030,"1,024",false
EURO FX FUTURES,6EU6,SEP 2026,1.2085,+0.0022,1.20985,1.20725,1.20985,310,false
EURO FX FUTURES,6EZ6,DEC 2026,1.21265,+0.0020,1.2150,1.2103,1.2150,403,false
2-YEAR T-NOTE FUTURES,ZTH6,MAR 2026,104'063,+0'016,104'065,104'043,104'052,"403,112",true
2-YEAR T-NOTE FUTURES,ZTH6,MAR 2026,104'063,+0'016,104'065,104'043,104'052,"403,112",false
2-YEAR T-NOTE FUTURES,ZTM6,JUN 2026,104'071,+0'003,104'078,104'066,104'078,483,false
THREE-MONTH SOFR FUTURES,SR3M6,JUN 2026,96.555,+0.02,96.56,96.53,96.54,"238,349",true
THREE-MONTH SOFR FUTURES,SR3Z5,DEC 2025,96.31,+0.0025,96.31,96.3075,96.31,"52,939",false
THREE-MONTH SOFR FUTURES,SR3F6,JAN 2026,96.3325,+0.005,96.335,96.33,96.33,559,false
THREE-MONTH SOFR FUTURES,SR3G6,FEB 2026,96.3475,+0.0025,96.3475,96.3475,96.3475,37,false
THREE-MONTH SOFR FUTURES,SR3H6,MAR 2026,96.375,+0.005,96.38,96.365,96.37,"149,126",false
THREE-MONTH SOFR FUTURES,SR3M6,JUN 2026,96.555,+0.02,96.56,96.53,96.54,"238,349",false
THREE-MONTH SOFR FUTURES,SR3U6,SEP 2026,96.73,+0.03,96.73,96.70,96.715,"232,901",false
THREE-MONTH SOFR FUTURES,SR3Z6,DEC 2026,96.79,+0.03,96.795,96.755,96.77,"250,828",false
30 DAY FEDERAL FUNDS FUTURES,ZQM6,JUN 2026,96.495,+0.01,96.50,96.485,96.485,"5,281",true
30 DAY FEDERAL FUNDS FUTURES,ZQF6,JAN 2026,96.3625,UNCH,96.3625,96.36,96.3625,"21,469",false
30 DAY FEDERAL FUNDS FUTURES,ZQG6,FEB 2026,96.365,UNCH,96.365,96.36,96.365,"13,094",false
30 DAY FEDERAL FUNDS FUTURES,ZQH6,MAR 2026,96.38,UNCH,96.38,96.375,96.38,"9,428",false
30 DAY FEDERAL FUNDS FUTURES,ZQJ6,APR 2026,96.40,+0.005,96.40,96.395,96.395,"11,947",false
30 DAY FEDERAL FUNDS FUTURES,ZQK6,MAY 2026,96.44,+0.01,96.445,96.43,96.435,"34,839",false
30 DAY FEDERAL FUNDS FUTURES,ZQM6,JUN 2026,96.495,+0.01,96.50,96.485,96.485,"5,281",false
30 DAY FEDERAL FUNDS FUTURES,ZQN6,JUL 2026,96.57,+0.015,96.57,96.55,96.56,"29,060",false
30 DAY FEDERAL FUNDS FUTURES,ZQQ6,AUG 2026,96.645,+0.015,96.645,96.625,96.63,"9,609",false
30 DAY FEDERAL FUNDS FUTURES,ZQU6,SEP 2026,96.695,+0.02,96.695,96.67,96.675,"2,105",false
30 DAY FEDERAL FUNDS FUTURES,ZQV6,OCT 2026,96.755,+0.02,96.755,96.73,96.74,"2,988",false
30 DAY FEDERAL FUNDS FUTURES,ZQX6,NOV 2026,96.805,+0.025,96.805,96.78,96.785,"2,623",false
30 DAY FEDERAL FUNDS FUTURES,ZQZ6,DEC 2026,96.84,+0.025,96.84,96.815,96.82,"1,375",false
