Name,Code,Expiry,Chart URL,Last Price,Change,High,Low,Open,Volume,Contract Code,Front Month,Product URL
E-MINI EURO FX FUTURES,E7H6,MAR 2026,https://www.cmegroup.com/apps/cmegroup/widgets/productLibs/esignal-charts.html?type=p&code=E7&title=Chart%20-%20MAR%202026%20E-mini%20Euro%20FX&venue=1&monthYear=H6&year=2026&exchangeCode=XCME&interval=1&dataWidget=true,1.19720,+0.00050,1.20210,1.19630,1.19830,"3,201",E7H6,true,https://www.cmegroup.com/markets/fx/g10/e-mini-euro-fx.html
E-MINI EURO FX FUTURES,E7H6,MAR 2026,https://www.cmegroup.com/apps/cmegroup/widgets/productLibs/esignal-charts.html?type=p&code=E7&title=Chart%20-%20MAR%202026%20E-mini%20Euro%20FX&venue=1&monthYear=H6&year=2026&exchangeCode=XCME&interval=1&dataWidget=true,1.19720,+0.00050,1.20210,1.19630,1.19830,"3,201",E7H6,false,https://www.cmegroup.com/markets/fx/g10/e-mini-euro-fx.html
E-MINI EURO FX FUTURES,E7M6,JUN 2026,https://www.cmegroup.com/apps/cmegroup/widgets/productLibs/esignal-charts.html?type=p&code=E7&title=Chart%20-%20JUN%202026%20E-mini%20Euro%20FX&venue=1&monthYear=M6&year=2026&exchangeCode=XCME&interval=1&dataWidget=true,1.20280,+0.00110,1.20720,1.20160,1.20430,48,E7M6,false,https://www.cmegroup.com/markets/fx/g10/e-mini-euro-fx.html
MICRO EUR/USD FUTURES,M6EH6,MAR 2026,https://www.cmegroup.com/apps/cmegroup/widgets/productLibs/esignal-charts.html?type=p&code=M6E&title=Chart%20-%20MAR%202026%20Micro%20EUR%2FUSD&venue=1&monthYear=H6&year=2026&exchangeCode=XCME&interval=1&dataWidget=true,1.1973,+0.0006,1.2022,1.1963,1.1981,"27,388",M6EH6,true,https://www.cmegroup.com/markets/fx/g10/e-micro-euro.html
MICRO EUR/USD FUTURES,M6EH6,MAR 2026,https://www.cmegroup.com/apps/cmegroup/widgets/productLibs/esignal-charts.html?type=p&code=M6E&title=Chart%20-%20MAR%202026%20Micro%20EUR%2FUSD&venue=1&monthYear=H6&year=2026&exchangeCode=XCME&interval=1&dataWidget=true,1.1973,+0.0006,1.2022,1.1963,1.1981,"27,388",M6EH6,false,https://www.cmegroup.com/markets/fx/g10/e-micro-euro.html
MICRO EUR/USD FUTURES,M6EM6,JUN 2026,https://www.cmegroup.com/apps/cmegroup/widgets/productLibs/esignal-charts.html?type=p&code=M6E&title=Chart%20-%20JUN%202026%20Micro%20EUR%2FUSD&venue=1&monthYear=M6&year=2026&exchangeCode=XCME&interval=1&dataWidget=true,1.2022,+0.0005,1.2072,1.2015,1.203,"2,054",M6EM6,false,https://www.cmegroup.com/markets/fx/g10/e-micro-euro.html
20-YEAR U.S. TREASURY BOND FUTURES,TWEH6,MAR 2026,https://www.cmegroup.com/apps/cmegroup/widgets/productLibs/esignal-charts.html?type=p&code=TWE&title=Chart%20-%20MAR%202026%2020-Year%20U.S.%20Treasury%20Bond&venue=0&monthYear=H6&year=2026&exchangeCode=XCBT&interval=1&dataWidget=true,-,-,-,-,-,0,TWEH6,true,https://www.cmegroup.com/markets/interest-rates/us-treasury/20-year-us-treasury-bond.html
20-YEAR U.S. TREASURY BOND FUTURES,TWEM6,JUN 2026,https://www.cmegroup.com/apps/cmegroup/widgets/productLibs/esignal-charts.html?type=p&code=TWE&title=Chart%20-%20JUN%202026%2020-Year%20U.S.%20Treasury%20Bond&venue=0&monthYear=M6&year=2026&exchangeCode=XCBT&interval=1&dataWidget=true,-,-,-,-,-,0,TWEM6,false,https://www.cmegroup.com/markets/interest-rates/us-treasury/20-year-us-treasury-bond.html
20-YEAR U.S. TREASURY BOND FUTURES,TWEH6,MAR 2026,https://www.cmegroup.com/apps/cmegroup/widgets/productLibs/esignal-charts.html?type=p&code=TWE&title=Chart%20-%20MAR%202026%2020-Year%20U.S.%20Treasury%20Bond&venue=0&monthYear=H6&year=2026&exchangeCode=XCBT&interval=1&dataWidget=true,-,-,-,-,-,0,TWEH6,false,https://www.cmegroup.com/markets/interest-rates/us-treasury/20-year-us-treasury-bond.html
20-YEAR U.S. TREASURY BOND FUTURES,TWEU6,SEP 2026,https://www.cmegroup.com/apps/cmegroup/widgets/productLibs/esignal-charts.html?type=p&code=TWE&title=Chart%20-%20SEP%202026%2020-Year%20U.S.%20Treasury%20Bond&venue=0&monthYear=U6&year=2026&exchangeCode=XCBT&interval=1&dataWidget=true,-,-,-,-,-,0,TWEU6,false,https://www.cmegroup.com/markets/interest-rates/us-treasury/20-year-us-treasury-bond.html
ULTRA U.S. TREASURY BOND FUTURES,UBH6,MAR 2026,https://www.cmegroup.com/apps/cmegroup/widgets/productLibs/esignal-charts.html?type=p&code=UB&title=Chart%20-%20MAR%202026%20Ultra%20U.S.%20Treasury%20Bond&venue=0&monthYear=H6&year=2026&exchangeCode=XCBT&interval=1&dataWidget=true,117'10,-0'10,117'28,116'30,117'22,"163,075",UBH6,true,https://www.cmegroup.com/markets/interest-rates/us-treasury/ultra-t-bond.html
ULTRA U.S. TREASURY BOND FUTURES,UBH6,MAR 2026,https://www.cmegroup.com/apps/cmegroup/widgets/productLibs/esignal-charts.html?type=p&code=UB&title=Chart%20-%20MAR%202026%20Ultra%20U.S.%20Treasury%20Bond&venue=0&monthYear=H6&year=2026&exchangeCode=XCBT&interval=1&dataWidget=true,117'10,-0'10,117'28,116'30,117'22,"163,075",UBH6,false,https://www.cmegroup.com/markets/interest-rates/us-treasury/ultra-t-bond.html
ULTRA U.S. TREASURY BOND FUTURES,UBM6,JUN 2026,https://www.cmegroup.com/apps/cmegroup/widgets/productLibs/esignal-charts.html?type=p&code=UB&title=Chart%20-%20JUN%202026%20Ultra%20U.S.%20Treasury%20Bond&venue=0&monthYear=M6&year=2026&exchangeCode=XCBT&interval=1&dataWidget=true,116'26,-0'14,116'28,116'19,116'28,12,UBM6,false,https://www.cmegroup.com/markets/interest-rates/us-treasury/ultra-t-bond.html
ULTRA U.S. TREASURY BOND FUTURES,UBU6,SEP 2026,https://www.cmegroup.com/apps/cmegroup/widgets/productLibs/esignal-charts.html?type=p&code=UB&title=Chart%20-%20SEP%202026%20Ultra%20U.S.%20Treasury%20Bond&venue=0&monthYear=U6&year=2026&exchangeCode=XCBT&interval=1&dataWidget=true,-,-,-,-,-,0,UBU6,false,https://www.cmegroup.com/markets/interest-rates/us-treasury/ultra-t-bond.html
ULTRA 10-YEAR U.S. TREASURY NOTE FUTURES,TNH6,MAR 2026,https://www.cmegroup.com/apps/cmegroup/widgets/productLibs/esignal-charts.html?type=p&code=TN&title=Chart%20-%20MAR%202026%20Ultra%2010-Year%20U.S.%20Treasury%20Note&venue=0&monthYear=H6&year=2026&exchangeCode=XCBT&interval=1&dataWidget=true,114'040,+0'010,114'095,113'285,114'050,"332,651",TNH6,true,https://www.cmegroup.com/markets/interest-rates/us-treasury/ultra-10-year-us-treasury-note.html
ULTRA 10-YEAR U.S. TREASURY NOTE FUTURES,TNH6,MAR 2026,https://www.cmegroup.com/apps/cmegroup/widgets/productLibs/esignal-charts.html?type=p&code=TN&title=Chart%20-%20MAR%202026%20Ultra%2010-Year%20U.S.%20Treasury%20Note&venue=0&monthYear=H6&year=2026&exchangeCode=XCBT&interval=1&dataWidget=true,114'040,+0'010,114'095,113'285,114'050,"332,651",TNH6,false,https://www.cmegroup.com/markets/interest-rates/us-treasury/ultra-10-year-us-treasury-note.html
ULTRA 10-YEAR U.S. TREASURY NOTE FUTURES,TNM6,JUN 2026,https://www.cmegroup.com/apps/cmegroup/widgets/productLibs/esignal-charts.html?type=p&code=TN&title=Chart%20-%20JUN%202026%20Ultra%2010-Year%20U.S.%20Treasury%20Note&venue=0&monthYear=M6&year=2026&exchangeCode=XCBT&interval=1&dataWidget=true,113'300,+0'020,113'300,113'300,113'300,8,TNM6,false,https://www.cmegroup.com/markets/interest-rates/us-treasury/ultra-10-year-us-treasury-note.html
ULTRA 10-YEAR U.S. TREASURY NOTE FUTURES,TNU6,SEP 2026,https://www.cmegroup.com/apps/cmegroup/widgets/productLibs/esignal-charts.html?type=p&code=TN&title=Chart%20-%20SEP%202026%20Ultra%2010-Year%20U.S.%20Treasury%20Note&venue=0&monthYear=U6&year=2026&exchangeCode=XCBT&interval=1&dataWidget=true,-,-,-,-,-,0,TNU6,false,https://www.cmegroup.com/markets/interest-rates/us-treasury/ultra-10-year-us-treasury-note.html
U.S. TREASURY BOND FUTURES,ZBH6,MAR 2026,https://www.cmegroup.com/apps/cmegroup/widgets/productLibs/esignal-charts.html?type=p&code=ZB&title=Chart%20-%20MAR%202026%20U.S.%20Treasury%20Bond&venue=0&monthYear=H6&year=2026&exchangeCode=XCBT&interval=1&dataWidget=true,114'27,-0'08,115'09,114'18,115'04,"243,911",ZBH6,true,https://www.cmegroup.com/markets/interest-rates/us-treasury/30-year-us-treasury-bond.html
U.S. TREASURY BOND FUTURES,ZBH6,MAR 2026,https://www.cmegroup.com/apps/cmegroup/widgets/productLibs/esignal-charts.html?type=p&code=ZB&title=Chart%20-%20MAR%202026%20U.S.%20Treasury%20Bond&venue=0&monthYear=H6&year=2026&exchangeCode=XCBT&interval=1&dataWidget=true,114'27,-0'08,115'09,114'18,115'04,"243,911",ZBH6,false,https://www.cmegroup.com/markets/interest-rates/us-treasury/30-year-us-treasury-bond.html
U.S. TREASURY BOND FUTURES,ZBM6,JUN 2026,https://www.cmegroup.com/apps/cmegroup/widgets/productLibs/esignal-charts.html?type=p&code=ZB&title=Chart%20-%20JUN%202026%20U.S.%20Treasury%20Bond&venue=0&monthYear=M6&year=2026&exchangeCode=XCBT&interval=1&dataWidget=true,114'11,-0'09,114'20,114'04,114'20,313,ZBM6,false,https://www.cmegroup.com/markets/interest-rates/us-treasury/30-year-us-treasury-bond.html
U.S. TREASURY BOND FUTURES,ZBU6,SEP 2026,https://www.cmegroup.com/apps/cmegroup/widgets/productLibs/esignal-charts.html?type=p&code=ZB&title=Chart%20-%20SEP%202026%20U.S.%20Treasury%20Bond&venue=0&monthYear=U6&year=2026&exchangeCode=XCBT&interval=1&dataWidget=true,113'24,-0'14,113'24,113'24,113'24,1,ZBU6,false,https://www.cmegroup.com/markets/interest-rates/us-treasury/30-year-us-treasury-bond.html
10-YEAR T-NOTE FUTURES,ZNH6,MAR 2026,https://www.cmegroup.com/apps/cmegroup/widgets/productLibs/esignal-charts.html?type=p&code=ZN&title=Chart%20-%20MAR%202026%2010-Year%20T-Note&venue=0&monthYear=H6&year=2026&exchangeCode=XCBT&interval=1&dataWidget=true,111'235,+0'030,111'260,111'165,111'225,"892,954",ZNH6,true,https://www.cmegroup.com/markets/interest-rates/us-treasury/10-year-us-treasury-note.html
10-YEAR T-NOTE FUTURES,ZNH6,MAR 2026,https://www.cmegroup.com/apps/cmegroup/widgets/productLibs/esignal-charts.html?type=p&code=ZN&title=Chart%20-%20MAR%202026%2010-Year%20T-Note&venue=0&monthYear=H6&year=2026&exchangeCode=XCBT&interval=1&dataWidget=true,111'235,+0'030,111'260,111'165,111'225,"892,954",ZNH6,false,https://www.cmegroup.com/markets/interest-rates/us-treasury/10-year-us-treasury-note.html
10-YEAR T-NOTE FUTURES,ZNM6,JUN 2026,https://www.cmegroup.com/apps/cmegroup/widgets/productLibs/esignal-charts.html?type=p&code=ZN&title=Chart%20-%20JUN%202026%2010-Year%20T-Note&venue=0&monthYear=M6&year=2026&exchangeCode=XCBT&interval=1&dataWidget=true,111'160,+0'015,111'200,111'105,111'170,"1,558",ZNM6,false,https://www.cmegroup.com/markets/interest-rates/us-treasury/10-year-us-treasury-note.html
10-YEAR T-NOTE FUTURES,ZNU6,SEP 2026,https://www.cmegroup.com/apps/cmegroup/widgets/productLibs/esignal-charts.html?type=p&code=ZN&title=Chart%20-%20SEP%202026%2010-Year%20T-Note&venue=0&monthYear=U6&year=2026&exchangeCode=XCBT&interval=1&dataWidget=true,111'100,-0'005,111'100,111'100,111'100,2,ZNU6,false,https://www.cmegroup.com/markets/interest-rates/us-treasury/10-year-us-treasury-note.html
5-YEAR T-NOTE FUTURES,ZFH6,MAR 2026,https://www.cmegroup.com/apps/cmegroup/widgets/productLibs/esignal-charts.html?type=p&code=ZF&title=Chart%20-%20MAR%202026%205-Year%20T-Note&venue=0&monthYear=H6&year=2026&exchangeCode=XCBT&interval=1&dataWidget=true,108'267,+0'037,108'267,108'220,108'245,"613,675",ZFH6,true,https://www.cmegroup.com/markets/interest-rates/us-treasury/5-year-us-treasury-note.html
5-YEAR T-NOTE FUTURES,ZFH6,MAR 2026,https://www.cmegroup.com/apps/cmegroup/widgets/productLibs/esignal-charts.html?type=p&code=ZF&title=Chart%20-%20MAR%202026%205-Year%20T-Note&venue=0&monthYear=H6&year=2026&exchangeCode=XCBT&interval=1&dataWidget=true,108'267,+0'037,108'267,108'220,108'245,"613,675",ZFH6,false,https://www.cmegroup.com/markets/interest-rates/us-treasury/5-year-us-treasury-note.html
5-YEAR T-NOTE FUTURES,ZFM6,JUN 2026,https://www.cmegroup.com/apps/cmegroup/widgets/productLibs/esignal-charts.html?type=p&code=ZF&title=Chart%20-%20JUN%202026%205-Year%20T-Note&venue=0&monthYear=M6&year=2026&exchangeCode=XCBT&interval=1&dataWidget=true,108'227,+0'017,108'240,108'210,108'232,997,ZFM6,false,https://www.cmegroup.com/markets/interest-rates/us-treasury/5-year-us-treasury-note.html
5-YEAR T-NOTE FUTURES,ZFU6,SEP 2026,https://www.cmegroup.com/apps/cmegroup/widgets/productLibs/esignal-charts.html?type=p&code=ZF&title=Chart%20-%20SEP%202026%205-Year%20T-Note&venue=0&monthYear=U6&year=2026&exchangeCode=XCBT&interval=1&dataWidget=true,-,-,-,-,-,0,ZFU6,false,https://www.cmegroup.com/markets/interest-rates/us-treasury/5-year-us-treasury-note.html
EURO FX FUTURES,6EH6,MAR 2026,https://www.cmegroup.com/apps/cmegroup/widgets/productLibs/esignal-charts.html?type=p&code=6E&title=Chart%20-%20MAR%202026%20Euro%20FX&venue=0&monthYear=H6&year=2026&exchangeCode=XCME&interval=1&dataWidget=true,1.19735,+0.0007,1.2022,1.1962,1.1982,"165,667",6EH6,true,https://www.cmegroup.com/markets/fx/g10/euro-fx.html
EURO FX FUTURES,6EG6,FEB 2026,https://www.cmegroup.com/apps/cmegroup/widgets/productLibs/esignal-charts.html?type=p&code=6E&title=Chart%20-%20FEB%202026%20Euro%20FX&venue=0&monthYear=G6&year=2026&exchangeCode=XCME&interval=1&dataWidget=true,1.1958,+0.00075,1.20025,1.1948,1.19875,"1,058",6EG6,false,https://www.cmegroup.com/markets/fx/g10/euro-fx.html
EURO FX FUTURES,6EH6,MAR 2026,https://www.cmegroup.com/apps/cmegroup/widgets/productLibs/esignal-charts.html?type=p&code=6E&title=Chart%20-%20MAR%202026%20Euro%20FX&venue=0&monthYear=H6&year=2026&exchangeCode=XCME&interval=1&dataWidget=true,1.19735,+0.0007,1.2022,1.1962,1.1982,"165,667",6EH6,false,https://www.cmegroup.com/markets/fx/g10/euro-fx.html
EURO FX FUTURES,6EJ6,APR 2026,https://www.cmegroup.com/apps/cmegroup/widgets/productLibs/esignal-charts.html?type=p&code=6E&title=Chart%20-%20APR%202026%20Euro%20FX&venue=0&monthYear=J6&year=2026&exchangeCode=XCME&interval=1&dataWidget=true,1.20075,+0.00255,1.2034,1.1979,1.2014,184,6EJ6,false,https://www.cmegroup.com/markets/fx/g10/euro-fx.html
EURO FX FUTURES,6EK6,MAY 2026,https://www.cmegroup.com/apps/cmegroup/widgets/productLibs/esignal-charts.html?type=p&code=6E&title=Chart%20-%20MAY%202026%20Euro%20FX&venue=0&monthYear=K6&year=2026&exchangeCode=XCME&interval=1&dataWidget=true,-,-,-,-,-,40,6EK6,false,https://www.cmegroup.com/markets/fx/g10/euro-fx.html
EURO FX FUTURES,6EM6,JUN 2026,https://www.cmegroup.com/apps/cmegroup/widgets/productLibs/esignal-charts.html?type=p&code=6E&title=Chart%20-%20JUN%202026%20Euro%20FX&venue=0&monthYear=M6&year=2026&exchangeCode=XCME&interval=1&dataWidget=true,1.20305,+0.00135,1.2072,1.20145,1.2030,"1,024",6EM6,false,https://www.cmegroup.com/markets/fx/g10/euro-fx.html
EURO FX FUTURES,6EU6,SEP 2026,https://www.cmegroup.com/apps/cmegroup/widgets/productLibs/esignal-charts.html?type=p&code=6E&title=Chart%20-%20SEP%202026%20Euro%20FX&venue=0&monthYear=U6&year=2026&exchangeCode=XCME&interval=1&dataWidget=true,1.2085,+0.0022,1.20985,1.20725,1.20985,310,6EU6,false,https://www.cmegroup.com/markets/fx/g10/euro-fx.html
EURO FX FUTURES,6EZ6,DEC 2026,https://www.cmegroup.com/apps/cmegroup/widgets/productLibs/esignal-charts.html?type=p&code=6E&title=Chart%20-%20DEC%202026%20Euro%20FX&venue=0&monthYear=Z6&year=2026&exchangeCode=XCME&interval=1&dataWidget=true,1.21265,+0.0020,1.2150,1.2103,1.2150,403,6EZ6,false,https://www.cmegroup.com/markets/fx/g10/euro-fx.html
EURO FX FUTURES,6EH7,MAR 2027,https://www.cmegroup.com/apps/cmegroup/widgets/productLibs/esignal-charts.html?type=p&code=6E&title=Chart%20-%20MAR%202027%20Euro%20FX&venue=0&monthYear=H7&year=2027&exchangeCode=XCME&interval=1&dataWidget=true,1.2172,+0.00245,1.2173,1.2172,1.21725,3,6EH7,false,https://www.cmegroup.com/markets/fx/g10/euro-fx.html
EURO FX FUTURES,6EM7,JUN 2027,https://www.cmegroup.com/apps/cmegroup/widgets/productLibs/esignal-charts.html?type=p&code=6E&title=Chart%20-%20JUN%202027%20Euro%20FX&venue=0&monthYear=M7&year=2027&exchangeCode=XCME&interval=1&dataWidget=true,1.2235,+0.00485,1.2235,1.2235,1.2235,1,6EM7,false,https://www.cmegroup.com/markets/fx/g10/euro-fx.html
EURO FX FUTURES,6EU7,SEP 2027,https://www.cmegroup.com/apps/cmegroup/widgets/productLibs/esignal-charts.html?type=p&code=6E&title=Chart%20-%20SEP%202027%20Euro%20FX&venue=0&monthYear=U7&year=2027&exchangeCode=XCME&interval=1&dataWidget=true,-,-,-,-,-,0,6EU7,false,https://www.cmegroup.com/markets/fx/g10/euro-fx.html
EURO FX FUTURES,6EZ7,DEC 2027,https://www.cmegroup.com/apps/cmegroup/widgets/productLibs/esignal-charts.html?type=p&code=6E&title=Chart%20-%20DEC%202027%20Euro%20FX&venue=0&monthYear=Z7&year=2027&exchangeCode=XCME&interval=1&dataWidget=true,-,-,-,-,-,0,6EZ7,false,https://www.cmegroup.com/markets/fx/g10/euro-fx.html
EURO FX FUTURES,6EH8,MAR 2028,https://www.cmegroup.com/apps/cmegroup/widgets/productLibs/esignal-charts.html?type=p&code=6E&title=Chart%20-%20MAR%202028%20Euro%20FX&venue=0&monthYear=H8&year=2028&exchangeCode=XCME&interval=1&dataWidget=true,-,-,-,-,-,0,6EH8,false,https://www.cmegroup.com/markets/fx/g10/euro-fx.html
EURO FX FUTURES,6EM8,JUN 2028,https://www.cmegroup.com/apps/cmegroup/widgets/productLibs/esignal-charts.html?type=p&code=6E&title=Chart%20-%20JUN%202028%20Euro%20FX&venue=0&monthYear=M8&year=2028&exchangeCode=XCME&interval=1&dataWidget=true,-,-,-,-,-,0,6EM8,false,https://www.cmegroup.com/markets/fx/g10/euro-fx.html
EURO FX FUTURES,6EU8,SEP 2028,https://www.cmegroup.com/apps/cmegroup/widgets/productLibs/esignal-charts.html?type=p&code=6E&title=Chart%20-%20SEP%202028%20Euro%20FX&venue=0&monthYear=U8&year=2028&exchangeCode=XCME&interval=1&dataWidget=true,-,-,-,-,-,0,6EU8,false,https://www.cmegroup.com/markets/fx/g10/euro-fx.html
EURO FX FUTURES,6EZ8,DEC 2028,https://www.cmegroup.com/apps/cmegroup/widgets/productLibs/esignal-charts.html?type=p&code=6E&title=Chart%20-%20DEC%202028%20Euro%20FX&venue=0&monthYear=Z8&year=2028&exchangeCode=XCME&interval=1&dataWidget=true,-,-,-,-,-,0,6EZ8,false,https://www.cmegroup.com/markets/fx/g10/euro-fx.html
2-YEAR T-NOTE FUTURES,ZTH6,MAR 2026,https://www.cmegroup.com/apps/cmegroup/widgets/productLibs/esignal-charts.html?type=p&code=ZT&title=Chart%20-%20MAR%202026%202-Year%20T-Note&venue=0&monthYear=H6&year=2026&exchangeCode=XCBT&interval=1&dataWidget=true,104'063,+0'016,104'065,104'043,104'052,"403,112",ZTH6,true,https://www.cmegroup.com/markets/interest-rates/us-treasury/2-year-us-treasury-note.html
2-YEAR T-NOTE FUTURES,ZTH6,MAR 2026,https://www.cmegroup.com/apps/cmegroup/widgets/productLibs/esignal-charts.html?type=p&code=ZT&title=Chart%20-%20MAR%202026%202-Year%20T-Note&venue=0&monthYear=H6&year=2026&exchangeCode=XCBT&interval=1&dataWidget=true,104'063,+0'016,104'065,104'043,104'052,"403,112",ZTH6,false,https://www.cmegroup.com/markets/interest-rates/us-treasury/2-year-us-treasury-note.html
2-YEAR T-NOTE FUTURES,ZTM6,JUN 2026,https://www.cmegroup.com/apps/cmegroup/widgets/productLibs/esignal-charts.html?type=p&code=ZT&title=Chart%20-%20JUN%202026%202-Year%20T-Note&venue=0&monthYear=M6&year=2026&exchangeCode=XCBT&interval=1&dataWidget=true,104'071,+0'003,104'078,104'066,104'078,483,ZTM6,false,https://www.cmegroup.com/markets/interest-rates/us-treasury/2-year-us-treasury-note.html
2-YEAR T-NOTE FUTURES,ZTU6,SEP 2026,https://www.cmegroup.com/apps/cmegroup/widgets/productLibs/esignal-charts.html?type=p&code=ZT&title=Chart%20-%20SEP%202026%202-Year%20T-Note&venue=0&monthYear=U6&year=2026&exchangeCode=XCBT&interval=1&dataWidget=true,-,-,-,-,-,0,ZTU6,false,https://www.cmegroup.com/markets/interest-rates/us-treasury/2-year-us-treasury-note.html
THREE-MONTH SOFR FUTURES,SR3M6,JUN 2026,https://www.cmegroup.com/apps/cmegroup/widgets/productLibs/esignal-charts.html?type=p&code=SR3&title=Chart%20-%20JUN%202026%20Three-Month%20SOFR&venue=0&monthYear=M6&year=2026&exchangeCode=XCME&interval=1&dataWidget=true,96.555,+0.02,96.56,96.53,96.54,"238,349",SR3M6,true,https://www.cmegroup.com/markets/interest-rates/stirs/three-month-sofr.html
THREE-MONTH SOFR FUTURES,SR3X5,NOV 2025,https://www.cmegroup.com/apps/cmegroup/widgets/productLibs/esignal-charts.html?type=p&code=SR3&title=Chart%20-%20NOV%202025%20Three-Month%20SOFR&venue=0&monthYear=X5&year=2025&exchangeCode=XCME&interval=1&dataWidget=true,-,-,-,-,-,0,SR3X5,false,https://www.cmegroup.com/markets/interest-rates/stirs/three-month-sofr.html
THREE-MONTH SOFR FUTURES,SR3Z5,DEC 2025,https://www.cmegroup.com/apps/cmegroup/widgets/productLibs/esignal-charts.html?type=p&code=SR3&title=Chart%20-%20DEC%202025%20Three-Month%20SOFR&venue=0&monthYear=Z5&year=2025&exchangeCode=XCME&interval=1&dataWidget=true,96.31,+0.0025,96.31,96.3075,96.31,"52,939",SR3Z5,false,https://www.cmegroup.com/markets/interest-rates/stirs/three-month-sofr.html
THREE-MONTH SOFR FUTURES,SR3F6,JAN 2026,https://www.cmegroup.com/apps/cmegroup/widgets/productLibs/esignal-charts.html?type=p&code=SR3&title=Chart%20-%20JAN%202026%20Three-Month%20SOFR&venue=0&monthYear=F6&year=2026&exchangeCode=XCME&interval=1&dataWidget=true,96.3325,+0.005,96.335,96.33,96.33,559,SR3F6,false,https://www.cmegroup.com/markets/interest-rates/stirs/three-month-sofr.html
THREE-MONTH SOFR FUTURES,SR3G6,FEB 2026,https://www.cmegroup.com/apps/cmegroup/widgets/productLibs/esignal-charts.html?type=p&code=SR3&title=Chart%20-%20FEB%202026%20Three-Month%20SOFR&venue=0&monthYear=G6&year=2026&exchangeCode=XCME&interval=1&dataWidget=true,96.3475,+0.0025,96.3475,96.3475,96.3475,37,SR3G6,false,https://www.cmegroup.com/markets/interest-rates/stirs/three-month-sofr.html
THREE-MONTH SOFR FUTURES,SR3H6,MAR 2026,https://www.cmegroup.com/apps/cmegroup/widgets/productLibs/esignal-charts.html?type=p&code=SR3&title=Chart%20-%20MAR%202026%20Three-Month%20SOFR&venue=0&monthYear=H6&year=2026&exchangeCode=XCME&interval=1&dataWidget=true,96.375,+0.005,96.38,96.365,96.37,"149,126",SR3H6,false,https://www.cmegroup.com/markets/interest-rates/stirs/three-month-sofr.html
THREE-MONTH SOFR FUTURES,SR3J6,APR 2026,https://www.cmegroup.com/apps/cmegroup/widgets/productLibs/esignal-charts.html?type=p&code=SR3&title=Chart%20-%20APR%202026%20Three-Month%20SOFR&venue=0&monthYear=J6&year=2026&exchangeCode=XCME&interval=1&dataWidget=true,-,-,-,-,-,0,SR3J6,false,https://www.cmegroup.com/markets/interest-rates/stirs/three-month-sofr.html
THREE-MONTH SOFR FUTURES,SR3K6,MAY 2026,https://www.cmegroup.com/apps/cmegroup/widgets/productLibs/esignal-charts.html?type=p&code=SR3&title=Chart%20-%20MAY%202026%20Three-Month%20SOFR&venue=0&monthYear=K6&year=2026&exchangeCode=XCME&interval=1&dataWidget=true,-,-,-,-,-,0,SR3K6,false,https://www.cmegroup.com/markets/interest-rates/stirs/three-month-sofr.html
THREE-MONTH SOFR FUTURES,SR3M6,JUN 2026,https://www.cmegroup.com/apps/cmegroup/widgets/productLibs/esignal-charts.html?type=p&code=SR3&title=Chart%20-%20JUN%202026%20Three-Month%20SOFR&venue=0&monthYear=M6&year=2026&exchangeCode=XCME&interval=1&dataWidget=true,96.555,+0.02,96.56,96.53,96.54,"238,349",SR3M6,false,https://www.cmegroup.com/markets/interest-rates/stirs/three-month-sofr.html
THREE-MONTH SOFR FUTURES,SR3N6,JUL 2026,https://www.cmegroup.com/apps/cmegroup/widgets/productLibs/esignal-charts.html?type=p&code=SR3&title=Chart%20-%20JUL%202026%20Three-Month%20SOFR&venue=0&monthYear=N6&year=2026&exchangeCode=XCME&interval=1&dataWidget=true,-,-,-,-,-,0,SR3N6,false,https://www.cmegroup.com/markets/interest-rates/stirs/three-month-sofr.html
THREE-MONTH SOFR FUTURES,SR3U6,SEP 2026,https://www.cmegroup.com/apps/cmegroup/widgets/productLibs/esignal-charts.html?type=p&code=SR3&title=Chart%20-%20SEP%202026%20Three-Month%20SOFR&venue=0&monthYear=U6&year=2026&exchangeCode=XCME&interval=1&dataWidget=true,96.73,+0.03,96.73,96.70,96.715,"232,901",SR3U6,false,https://www.cmegroup.com/markets/interest-rates/stirs/three-month-sofr.html
THREE-MONTH SOFR FUTURES,SR3Z6,DEC 2026,https://www.cmegroup.com/apps/cmegroup/widgets/productLibs/esignal-charts.html?type=p&code=SR3&title=Chart%20-%20DEC%202026%20Three-Month%20SOFR&venue=0&monthYear=Z6&year=2026&exchangeCode=XCME&interval=1&dataWidget=true,96.79,+0.03,96.795,96.755,96.77,"250,828",SR3Z6,false,https://www.cmegroup.com/markets/interest-rates/stirs/three-month-sofr.html
THREE-MONTH SOFR FUTURES,SR3H7,MAR 2027,https://www.cmegroup.com/apps/cmegroup/widgets/productLibs/esignal-charts.html?type=p&code=SR3&title=Chart%20-%20MAR%202027%20Three-Month%20SOFR&venue=0&monthYear=H7&year=2027&exchangeCode=XCME&interval=1&dataWidget=true,96.785,+0.035,96.785,96.75,96.76,"147,655",SR3H7,false,https://www.cmegroup.com/markets/interest-rates/stirs/three-month-sofr.html
THREE-MONTH SOFR FUTURES,SR3M7,JUN 2027,https://www.cmegroup.com/apps/cmegroup/widgets/productLibs/esignal-charts.html?type=p&code=SR3&title=Chart%20-%20JUN%202027%20Three-Month%20SOFR&venue=0&monthYear=M7&year=2027&exchangeCode=XCME&interval=1&dataWidget=true,96.755,+0.04,96.755,96.715,96.73,"141,102",SR3M7,false,https://www.cmegroup.com/markets/interest-rates/stirs/three-month-sofr.html
THREE-MONTH SOFR FUTURES,SR3U7,SEP 2027,https://www.cmegroup.com/apps/cmegroup/widgets/productLibs/esignal-charts.html?type=p&code=SR3&title=Chart%20-%20SEP%202027%20Three-Month%20SOFR&venue=0&monthYear=U7&year=2027&exchangeCode=XCME&interval=1&dataWidget=true,96.715,+0.045,96.715,96.67,96.685,"113,813",SR3U7,false,https://www.cmegroup.com/markets/interest-rates/stirs/three-month-sofr.html
THREE-MONTH SOFR FUTURES,SR3Z7,DEC 2027,https://www.cmegroup.com/apps/cmegroup/widgets/productLibs/esignal-charts.html?type=p&code=SR3&title=Chart%20-%20DEC%202027%20Three-Month%20SOFR&venue=0&monthYear=Z7&year=2027&exchangeCode=XCME&interval=1&dataWidget=true,96.66,+0.04,96.66,96.615,96.63,"135,852",SR3Z7,false,https://www.cmegroup.com/markets/interest-rates/stirs/three-month-sofr.html
THREE-MONTH SOFR FUTURES,SR3H8,MAR 2028,https://www.cmegroup.com/apps/cmegroup/widgets/productLibs/esignal-charts.html?type=p&code=SR3&title=Chart%20-%20MAR%202028%20Three-Month%20SOFR&venue=0&monthYear=H8&year=2028&exchangeCode=XCME&interval=1&dataWidget=true,96.60,+0.04,96.60,96.555,96.575,"61,867",SR3H8,false,https://www.cmegroup.com/markets/interest-rates/stirs/three-month-sofr.html
THREE-MONTH SOFR FUTURES,SR3M8,JUN 2028,https://www.cmegroup.com/apps/cmegroup/widgets/productLibs/esignal-charts.html?type=p&code=SR3&title=Chart%20-%20JUN%202028%20Three-Month%20SOFR&venue=0&monthYear=M8&year=2028&exchangeCode=XCME&interval=1&dataWidget=true,96.54,+0.035,96.54,96.50,96.515,"65,676",SR3M8,false,https://www.cmegroup.com/markets/interest-rates/stirs/three-month-sofr.html
30 DAY FEDERAL FUNDS FUTURES,ZQM6,JUN 2026,https://www.cmegroup.com/apps/cmegroup/widgets/productLibs/esignal-charts.html?type=p&code=ZQ&title=Chart%20-%20JUN%202026%2030%20Day%20Federal%20Funds&venue=0&monthYear=M6&year=2026&exchangeCode=XCBT&interval=1&dataWidget=true,96.495,+0.01,96.50,96.485,96.485,"5,281",ZQM6,true,https://www.cmegroup.com/markets/interest-rates/stirs/30-day-federal-fund.html
30 DAY FEDERAL FUNDS FUTURES,ZQF6,JAN 2026,https://www.cmegroup.com/apps/cmegroup/widgets/productLibs/esignal-charts.html?type=p&code=ZQ&title=Chart%20-%20JAN%202026%2030%20Day%20Federal%20Funds&venue=0&monthYear=F6&year=2026&exchangeCode=XCBT&interval=1&dataWidget=true,96.3625,UNCH,96.3625,96.36,96.3625,"21,469",ZQF6,false,https://www.cmegroup.com/markets/interest-rates/stirs/30-day-federal-fund.html
30 DAY FEDERAL FUNDS FUTURES,ZQG6,FEB 2026,https://www.cmegroup.com/apps/cmegroup/widgets/productLibs/esignal-charts.html?type=p&code=ZQ&title=Chart%20-%20FEB%202026%2030%20Day%20Federal%20Funds&venue=0&monthYear=G6&year=2026&exchangeCode=XCBT&interval=1&dataWidget=true,96.365,UNCH,96.365,96.36,96.365,"13,094",ZQG6,false,https://www.cmegroup.com/markets/interest-rates/stirs/30-day-federal-fund.html
30 DAY FEDERAL FUNDS FUTURES,ZQH6,MAR 2026,https://www.cmegroup.com/apps/cmegroup/widgets/productLibs/esignal-charts.html?type=p&code=ZQ&title=Chart%20-%20MAR%202026%2030%20Day%20Federal%20Funds&venue=0&monthYear=H6&year=2026&exchangeCode=XCBT&interval=1&dataWidget=true,96.38,UNCH,96.38,96.375,96.38,"9,428",ZQH6,false,https://www.cmegroup.com/markets/interest-rates/stirs/30-day-federal-fund.html
30 DAY FEDERAL FUNDS FUTURES,ZQJ6,APR 2026,https://www.cmegroup.com/apps/cmegroup/widgets/productLibs/esignal-charts.html?type=p&code=ZQ&title=Chart%20-%20APR%202026%2030%20Day%20Federal%20Funds&venue=0&monthYear=J6&year=2026&exchangeCode=XCBT&interval=1&dataWidget=true,96.40,+0.005,96.40,96.395,96.395,"11,947",ZQJ6,false,https://www.cmegroup.com/markets/interest-rates/stirs/30-day-federal-fund.html
30 DAY FEDERAL FUNDS FUTURES,ZQK6,MAY 2026,https://www.cmegroup.com/apps/cmegroup/widgets/productLibs/esignal-charts.html?type=p&code=ZQ&title=Chart%20-%20MAY%202026%2030%20Day%20Federal%20Funds&venue=0&monthYear=K6&year=2026&exchangeCode=XCBT&interval=1&dataWidget=true,96.44,+0.01,96.445,96.43,96.435,"34,839",ZQK6,false,https://www.cmegroup.com/markets/interest-rates/stirs/30-day-federal-fund.html
30 DAY FEDERAL FUNDS FUTURES,ZQM6,JUN 2026,https://www.cmegroup.com/apps/cmegroup/widgets/productLibs/esignal-charts.html?type=p&code=ZQ&title=Chart%20-%20JUN%202026%2030%20Day%20Federal%20Funds&venue=0&monthYear=M6&year=2026&exchangeCode=XCBT&interval=1&dataWidget=true,96.495,+0.01,96.50,96.485,96.485,"5,281",ZQM6,false,https://www.cmegroup.com/markets/interest-rates/stirs/30-day-federal-fund.html
30 DAY FEDERAL FUNDS FUTURES,ZQN6,JUL 2026,https://www.cmegroup.com/apps/cmegroup/widgets/productLibs/esignal-charts.html?type=p&code=ZQ&title=Chart%20-%20JUL%202026%2030%20Day%20Federal%20Funds&venue=0&monthYear=N6&year=2026&exchangeCode=XCBT&interval=1&dataWidget=true,96.57,+0.015,96.57,96.55,96.56,"29,060",ZQN6,false,https://www.cmegroup.com/markets/interest-rates/stirs/30-day-federal-fund.html
30 DAY FEDERAL FUNDS FUTURES,ZQQ6,AUG 2026,https://www.cmegroup.com/apps/cmegroup/widgets/productLibs/esignal-charts.html?type=p&code=ZQ&title=Chart%20-%20AUG%202026%2030%20Day%20Federal%20Funds&venue=0&monthYear=Q6&year=2026&exchangeCode=XCBT&interval=1&dataWidget=true,96.645,+0.015,96.645,96.625,96.63,"9,609",ZQQ6,false,https://www.cmegroup.com/markets/interest-rates/stirs/30-day-federal-fund.html
30 DAY FEDERAL FUNDS FUTURES,ZQU6,SEP 2026,https://www.cmegroup.com/apps/cmegroup/widgets/productLibs/esignal-charts.html?type=p&code=ZQ&title=Chart%20-%20SEP%202026%2030%20Day%20Federal%20Funds&venue=0&monthYear=U6&year=2026&exchangeCode=XCBT&interval=1&dataWidget=true,96.695,+0.02,96.695,96.67,96.675,"2,105",ZQU6,false,https://www.cmegroup.com/markets/interest-rates/stirs/30-day-federal-fund.html
30 DAY FEDERAL FUNDS FUTURES,ZQV6,OCT 2026,https://www.cmegroup.com/apps/cmegroup/widgets/productLibs/esignal-charts.html?type=p&code=ZQ&title=Chart%20-%20OCT%202026%2030%20Day%20Federal%20Funds&venue=0&monthYear=V6&year=2026&exchangeCode=XCBT&interval=1&dataWidget=true,96.755,+0.02,96.755,96.73,96.74,"2,988",ZQV6,false,https://www.cmegroup.com/markets/interest-rates/stirs/30-day-federal-fund.html
30 DAY FEDERAL FUNDS FUTURES,ZQX6,NOV 2026,https://www.cmegroup.com/apps/cmegroup/widgets/productLibs/esignal-charts.html?type=p&code=ZQ&title=Chart%20-%20NOV%202026%2030%20Day%20Federal%20Funds&venue=0&monthYear=X6&year=2026&exchangeCode=XCBT&interval=1&dataWidget=true,96.805,+0.025,96.805,96.78,96.785,"2,623",ZQX6,false,https://www.cmegroup.com/markets/interest-rates/stirs/30-day-federal-fund.html
30 DAY FEDERAL FUNDS FUTURES,ZQZ6,DEC 2026,https://www.cmegroup.com/apps/cmegroup/widgets/productLibs/esignal-charts.html?type=p&code=ZQ&title=Chart%20-%20DEC%202026%2030%20Day%20Federal%20Funds&venue=0&monthYear=Z6&year=2026&exchangeCode=XCBT&interval=1&dataWidget=true,96.84,+0.025,96.84,96.815,96.82,"1,375",ZQZ6,false,https://www.cmegroup.com/markets/interest-rates/stirs/30-day-federal-fund.html
30 DAY FEDERAL FUNDS FUTURES,ZQF7,JAN 2027,https://www.cmegroup.com/apps/cmegroup/widgets/productLibs/esignal-charts.html?type=p&code=ZQ&title=Chart%20-%20JAN%202027%2030%20Day%20Federal%20Funds&venue=0&monthYear=F7&year=2027&exchangeCode=XCBT&interval=1&dataWidget=true,96.855,+0.03,96.855,96.825,96.835,"1,472",ZQF7,false,https://www.cmegroup.com/markets/interest-rates/stirs/30-day-federal-fund.html
30 DAY FEDERAL FUNDS FUTURES,ZQG7,FEB 2027,https://www.cmegroup.com/apps/cmegroup/widgets/productLibs/esignal-charts.html?type=p&code=ZQ&title=Chart%20-%20FEB%202027%2030%20Day%20Federal%20Funds&venue=0&monthYear=G7&year=2027&exchangeCode=XCBT&interval=1&dataWidget=true,96.855,+0.03,96.855,96.83,96.835,927,ZQG7,false,https://www.cmegroup.com/markets/interest-rates/stirs/30-day-federal-fund.html
30 DAY FEDERAL FUNDS FUTURES,ZQH7,MAR 2027,https://www.cmegroup.com/apps/cmegroup/widgets/productLibs/esignal-charts.html?type=p&code=ZQ&title=Chart%20-%20MAR%202027%2030%20Day%20Federal%20Funds&venue=0&monthYear=H7&year=2027&exchangeCode=XCBT&interval=1&dataWidget=true,-,-,-,-,-,0,ZQH7,false,https://www.cmegroup.com/markets/interest-rates/stirs/30-day-federal-fund.html
30 DAY FEDERAL FUNDS FUTURES,ZQJ7,APR 2027,https://www.cmegroup.com/apps/cmegroup/widgets/productLibs/esignal-charts.html?type=p&code=ZQ&title=Chart%20-%20APR%202027%2030%20Day%20Federal%20Funds&venue=0&monthYear=J7&year=2027&exchangeCode=XCBT&interval=1&dataWidget=true,96.85,+0.03,96.85,96.82,96.82,288,ZQJ7,false,https://www.cmegroup.com/markets/interest-rates/stirs/30-day-federal-fund.html
30 DAY FEDERAL FUNDS FUTURES,ZQK7,MAY 2027,https://www.cmegroup.com/apps/cmegroup/widgets/productLibs/esignal-charts.html?type=p&code=ZQ&title=Chart%20-%20MAY%202027%2030%20Day%20Federal%20Funds&venue=0&monthYear=K7&year=2027&exchangeCode=XCBT&interval=1&dataWidget=true,-,-,-,-,-,135,ZQK7,false,https://www.cmegroup.com/markets/interest-rates/stirs/30-day-federal-fund.html
30 DAY FEDERAL FUNDS FUTURES,ZQM7,JUN 2027,https://www.cmegroup.com/apps/cmegroup/widgets/productLibs/esignal-charts.html?type=p&code=ZQ&title=Chart%20-%20JUN%202027%2030%20Day%20Federal%20Funds&venue=0&monthYear=M7&year=2027&exchangeCode=XCBT&interval=1&dataWidget=true,-,-,-,-,-,0,ZQM7,false,https://www.cmegroup.com/markets/interest-rates/stirs/30-day-federal-fund.html
30 DAY FEDERAL FUNDS FUTURES,ZQN7,JUL 2027,https://www.cmegroup.com/apps/cmegroup/widgets/productLibs/esignal-charts.html?type=p&code=ZQ&title=Chart%20-%20JUL%202027%2030%20Day%20Federal%20Funds&venue=0&monthYear=N7&year=2027&exchangeCode=XCBT&interval=1&dataWidget=true,-,-,-,-,-,0,ZQN7,false,https://www.cmegroup.com/markets/interest-rates/stirs/30-day-federal-fund.html
30 DAY FEDERAL FUNDS FUTURES,ZQQ7,AUG 2027,https://www.cmegroup.com/apps/cmegroup/widgets/productLibs/esignal-charts.html?type=p&code=ZQ&title=Chart%20-%20AUG%202027%2030%20Day%20Federal%20Funds&venue=0&monthYear=Q7&year=2027&exchangeCode=XCBT&interval=1&dataWidget=true,-,-,-,-,-,0,ZQQ7,false,https://www.cmegroup.com/markets/interest-rates/stirs/30-day-federal-fund.html
30 DAY FEDERAL FUNDS FUTURES,ZQU7,SEP 2027,https://www.cmegroup.com/apps/cmegroup/widgets/productLibs/esignal-charts.html?type=p&code=ZQ&title=Chart%20-%20SEP%202027%2030%20Day%20Federal%20Funds&venue=0&monthYear=U7&year=2027&exchangeCode=XCBT&interval=1&dataWidget=true,-,-,-,-,-,0,ZQU7,false,https://www.cmegroup.com/markets/interest-rates/stirs/30-day-federal-fund.html
30 DAY FEDERAL FUNDS FUTURES,ZQV7,OCT 2027,https://www.cmegroup.com/apps/cmegroup/widgets/productLibs/esignal-charts.html?type=p&code=ZQ&title=Chart%20-%20OCT%202027%2030%20Day%20Federal%20Funds&venue=0&monthYear=V7&year=2027&exchangeCode=XCBT&interval=1&dataWidget=true,-,-,-,-,-,0,ZQV7,false,https://www.cmegroup.com/markets/interest-rates/stirs/30-day-federal-fund.html
30 DAY FEDERAL FUNDS FUTURES,ZQX7,NOV 2027,https://www.cmegroup.com/apps/cmegroup/widgets/productLibs/esignal-charts.html?type=p&code=ZQ&title=Chart%20-%20NOV%202027%2030%20Day%20Federal%20Funds&venue=0&monthYear=X7&year=2027&exchangeCode=XCBT&interval=1&dataWidget=true,-,-,-,-,-,0,ZQX7,false,https://www.cmegroup.com/markets/interest-rates/stirs/30-day-federal-fund.html
30 DAY FEDERAL FUNDS FUTURES,ZQZ7,DEC 2027,https://www.cmegroup.com/apps/cmegroup/widgets/productLibs/esignal-charts.html?type=p&code=ZQ&title=Chart%20-%20DEC%202027%2030%20Day%20Federal%20Funds&venue=0&monthYear=Z7&year=2027&exchangeCode=XCBT&interval=1&dataWidget=true,-,-,-,-,-,0,ZQZ7,false,https://www.cmegroup.com/markets/interest-rates/stirs/30-day-federal-fund.html
30 DAY FEDERAL FUNDS FUTURES,ZQF8,JAN 2028,https://www.cmegroup.com/apps/cmegroup/widgets/productLibs/esignal-charts.html?type=p&code=ZQ&title=Chart%20-%20JAN%202028%2030%20Day%20Federal%20Funds&venue=0&monthYear=F8&year=2028&exchangeCode=XCBT&interval=1&dataWidget=true,-,-,-,-,-,0,ZQF8,false,https://www.cmegroup.com/markets/interest-rates/stirs/30-day-federal-fund.html
